StockCode,Description,UnitPrice_Ref,Category,ActiveFlag
18032,Gift item 0000,0.25,Seasonal,0
79655,Gift item 0001,0.47,Seasonal,1
68910,Gift item 0002,0.25,Home,1
49498,Gift item 0003,0.25,Seasonal,1
48970,Gift item 0004,0.87,Accessories,1
87272,Gift item 0005,6.41,Seasonal,1
17735,Gift item 0006,3.4,Seasonal,1
72762,Gift item 0007,6.34,Home,0
28132,Gift item 0008,4.4,Home,1
18475,Gift item 0009,5.22,Home,1
57382,Gift item 0010,1.52,Kids,1
97805,Gift item 0011,4.65,Accessories,1
76216,Gift item 0012,5.1,Decor,1
78501,Gift item 0013,2.23,Accessories,1
74572,Gift item 0014,4.73,Accessories,0
80745,Gift item 0015,4.75,Cards,1
56189,Gift item 0016,2.29,Seasonal,1
21530,Gift item 0017,1.03,Decor,1
85576,Gift item 0018,0.89,Cards,1
50534,Gift item 0019,3.69,Accessories,1
55031,Gift item 0020,4.22,Cards,1
43371,Gift item 0021,1.76,Home,1
26429,Gift item 0022,3.56,Cards,0
93407,Gift item 0023,4.76,Accessories,1
80340,Gift item 0024,4.86,Seasonal,1
67947,Gift item 0025,6.91,Home,1
46216,Gift item 0026,6.31,Decor,1
84047,Gift item 0027,1.3,Kids,0
59088,Gift item 0028,7.2,Seasonal,1
49906,Gift item 0029,2.33,Kids,1
50540,Gift item 0030,5.8,Cards,0
30451,Gift item 0031,3.65,Kids,1
18292,Gift item 0032,2.59,Home,1
59912,Gift item 0033,0.25,Seasonal,1
89909,Gift item 0034,3.12,Home,1
15743,Gift item 0035,0.25,Decor,1
87245,Gift item 0036,5.63,Decor,1
84485,Gift item 0037,6.84,Cards,1
34908,Gift item 0038,1.75,Accessories,1
66849,Gift item 0039,4.16,Decor,1
24870,Gift item 0040,1.9,Kids,1
78227,Gift item 0041,2.12,Accessories,1
73046,Gift item 0042,5.2,Home,1
41906,Gift item 0043,3.42,Accessories,1
16112,Gift item 0044,7.33,Accessories,0
97361,Gift item 0045,2.44,Home,1
50111,Gift item 0046,5.7,Accessories,1
90380,Gift item 0047,3.71,Decor,0
71012,Gift item 0048,5.25,Kids,1
80053,Gift item 0049,2.52,Accessories,1
78390,Gift item 0050,3.39,Seasonal,1
27517,Gift item 0051,3.25,Seasonal,1
42751,Gift item 0052,1.66,Home,1
52004,Gift item 0053,4.96,Seasonal,1
54800,Gift item 0054,4.93,Decor,1
13942,Gift item 0055,4.81,Cards,1
59190,Gift item 0056,6.88,Accessories,0
23885,Gift item 0057,6.69,Accessories,1
76903,Gift item 0058,2.68,Accessories,0
71473,Gift item 0059,4.32,Kids,1
93026,Gift item 0060,2.13,Kids,1
77027,Gift item 0061,3.55,Accessories,1
42997,Gift item 0062,2.18,Decor,1
97074,Gift item 0063,7.06,Kids,1
46976,Gift item 0064,4.3,Accessories,1
39323,Gift item 0065,3.02,Kids,1
91497,Gift item 0066,6.13,Seasonal,0
43341,Gift item 0067,0.25,Seasonal,0
16870,Gift item 0068,0.25,Home,1
52259,Gift item 0069,5.25,Kids,1
81610,Gift item 0070,3.63,Decor,1
27052,Gift item 0071,4.05,Decor,1
51664,Gift item 0072,0.58,Cards,0
21692,Gift item 0073,3.45,Home,1
71782,Gift item 0074,7.91,Decor,1
52812,Gift item 0075,5.31,Decor,0
39717,Gift item 0076,3.87,Kids,0
30421,Gift item 0077,2.53,Seasonal,1
60804,Gift item 0078,2.63,Kids,0
70282,Gift item 0079,0.25,Decor,1
94626,Gift item 0080,4.07,Cards,1
49343,Gift item 0081,5.36,Accessories,1
24461,Gift item 0082,0.25,Accessories,0
84940,Gift item 0083,2.04,Accessories,1
66678,Gift item 0084,0.95,Home,1
73023,Gift item 0085,1.38,Accessories,1
18750,Gift item 0086,3.62,Home,1
38112,Gift item 0087,0.25,Cards,0
79105,Gift item 0088,4.85,Cards,1
84902,Gift item 0089,5.16,Accessories,1
49169,Gift item 0090,2.95,Kids,1
82427,Gift item 0091,0.25,Decor,1
85751,Gift item 0092,1.31,Accessories,0
44872,Gift item 0093,6.21,Decor,1
90826,Gift item 0094,0.25,Accessories,1
35949,Gift item 0095,2.74,Seasonal,0
31559,Gift item 0096,0.9,Home,0
71423,Gift item 0097,5.27,Seasonal,0
67307,Gift item 0098,2.01,Accessories,1
22577,Gift item 0099,4.39,Kids,1
84945,Gift item 0100,4.74,Accessories,0
27991,Gift item 0101,7.54,Seasonal,1
82440,Gift item 0102,3.05,Cards,1
10662,Gift item 0103,4.33,Kids,1
81715,Gift item 0104,0.25,Cards,0
80822,Gift item 0105,6.12,Kids,1
80232,Gift item 0106,1.83,Kids,1
69835,Gift item 0107,2.27,Accessories,0
52440,Gift item 0108,3.45,Seasonal,1
73464,Gift item 0109,0.25,Seasonal,1
34940,Gift item 0110,4.0,Kids,0
80264,Gift item 0111,5.63,Decor,1
60007,Gift item 0112,4.14,Home,0
51301,Gift item 0113,0.25,Kids,1
55504,Gift item 0114,3.23,Decor,1
61186,Gift item 0115,5.13,Decor,1
13353,Gift item 0116,0.25,Kids,1
22581,Gift item 0117,1.14,Home,0
32093,Gift item 0118,5.43,Home,1
20307,Gift item 0119,4.09,Kids,1
49564,Gift item 0120,4.41,Decor,1
70155,Gift item 0121,7.59,Home,1
68897,Gift item 0122,4.53,Cards,1
52398,Gift item 0123,4.95,Decor,1
86956,Gift item 0124,9.46,Home,1
60870,Gift item 0125,3.03,Kids,0
17127,Gift item 0126,1.74,Seasonal,1
78849,Gift item 0127,4.44,Cards,1
61713,Gift item 0128,4.47,Accessories,1
67124,Gift item 0129,2.34,Seasonal,0
60883,Gift item 0130,1.23,Seasonal,1
59821,Gift item 0131,8.58,Accessories,1
18150,Gift item 0132,4.22,Home,0
60328,Gift item 0133,1.89,Seasonal,1
81541,Gift item 0134,5.52,Home,0
37355,Gift item 0135,3.26,Accessories,1
64254,Gift item 0136,2.94,Decor,1
12773,Gift item 0137,4.74,Kids,1
41274,Gift item 0138,0.66,Home,1
49304,Gift item 0139,4.28,Kids,1
98445,Gift item 0140,7.71,Cards,1
29312,Gift item 0141,4.53,Seasonal,1
34889,Gift item 0142,2.67,Home,1
46767,Gift item 0143,2.38,Home,1
99338,Gift item 0144,2.6,Decor,1
86805,Gift item 0145,2.94,Home,1
13122,Gift item 0146,2.67,Accessories,1
31054,Gift item 0147,5.52,Cards,1
83949,Gift item 0148,0.25,Accessories,1
15247,Gift item 0149,5.4,Kids,1
87009,Gift item 0150,2.66,Seasonal,1
35324,Gift item 0151,4.33,Home,1
92587,Gift item 0152,1.02,Home,1
36423,Gift item 0153,6.42,Cards,1
49088,Gift item 0154,6.24,Home,1
69571,Gift item 0155,5.61,Home,0
21365,Gift item 0156,0.25,Decor,1
60132,Gift item 0157,5.32,Kids,0
55450,Gift item 0158,4.39,Kids,1
80550,Gift item 0159,0.25,Decor,1
99648,Gift item 0160,3.45,Accessories,0
69787,Gift item 0161,4.3,Cards,1
46826,Gift item 0162,4.72,Kids,1
46574,Gift item 0163,3.89,Decor,1
47615,Gift item 0164,4.14,Cards,1
83261,Gift item 0165,6.74,Kids,1
38909,Gift item 0166,6.2,Seasonal,1
25027,Gift item 0167,0.25,Cards,0
40085,Gift item 0168,2.8,Seasonal,0
12044,Gift item 0169,3.14,Home,1
19552,Gift item 0170,0.25,Accessories,1
18104,Gift item 0171,3.71,Cards,1
79438,Gift item 0172,6.25,Home,1
75011,Gift item 0173,1.11,Cards,1
72708,Gift item 0174,4.24,Decor,0
51568,Gift item 0175,1.49,Cards,1
74534,Gift item 0176,2.02,Kids,1
24514,Gift item 0177,6.75,Seasonal,0
91055,Gift item 0178,2.31,Accessories,1
55093,Gift item 0179,4.52,Home,1
94423,Gift item 0180,0.25,Cards,1
23707,Gift item 0181,7.6,Accessories,1
54759,Gift item 0182,4.83,Kids,1
72668,Gift item 0183,3.1,Accessories,1
54605,Gift item 0184,4.77,Decor,1
50153,Gift item 0185,0.4,Accessories,0
24959,Gift item 0186,6.1,Cards,1
44291,Gift item 0187,2.79,Cards,1
31488,Gift item 0188,3.05,Cards,1
37135,Gift item 0189,2.42,Accessories,0
71532,Gift item 0190,2.22,Decor,1
66724,Gift item 0191,5.03,Seasonal,0
64647,Gift item 0192,4.06,Home,1
42562,Gift item 0193,4.93,Kids,1
96371,Gift item 0194,3.48,Cards,1
17888,Gift item 0195,4.63,Home,0
40832,Gift item 0196,2.58,Accessories,1
20620,Gift item 0197,8.41,Seasonal,1
40504,Gift item 0198,0.25,Kids,1
96569,Gift item 0199,6.27,Home,1
42963,Gift item 0200,6.51,Decor,1
91771,Gift item 0201,1.63,Decor,1
54555,Gift item 0202,8.4,Decor,0
72972,Gift item 0203,5.69,Decor,1
51167,Gift item 0204,5.64,Seasonal,1
33928,Gift item 0205,3.56,Accessories,1
78779,Gift item 0206,3.02,Home,1
97224,Gift item 0207,3.04,Kids,1
33716,Gift item 0208,4.36,Accessories,1
80086,Gift item 0209,6.58,Decor,1
33502,Gift item 0210,3.9,Home,1
74519,Gift item 0211,1.49,Decor,1
81009,Gift item 0212,5.31,Kids,1
50442,Gift item 0213,5.53,Cards,1
76322,Gift item 0214,4.94,Accessories,1
34501,Gift item 0215,5.14,Accessories,1
17132,Gift item 0216,2.9,Decor,1
18675,Gift item 0217,1.46,Decor,1
50231,Gift item 0218,1.59,Home,0
91233,Gift item 0219,0.25,Accessories,0
21481,Gift item 0220,4.02,Home,1
51019,Gift item 0221,3.32,Kids,0
73362,Gift item 0222,2.53,Decor,1
28212,Gift item 0223,0.25,Cards,1
74944,Gift item 0224,0.76,Seasonal,0
37535,Gift item 0225,5.97,Kids,1
82778,Gift item 0226,2.04,Accessories,1
62129,Gift item 0227,4.29,Kids,1
59221,Gift item 0228,0.44,Seasonal,1
25909,Gift item 0229,6.67,Seasonal,1
51688,Gift item 0230,3.18,Kids,1
87094,Gift item 0231,4.14,Accessories,1
11757,Gift item 0232,8.62,Cards,1
78265,Gift item 0233,6.84,Accessories,1
54348,Gift item 0234,2.83,Kids,1
74750,Gift item 0235,2.19,Accessories,1
69696,Gift item 0236,2.78,Decor,0
48887,Gift item 0237,4.62,Kids,1
37779,Gift item 0238,3.27,Kids,1
66457,Gift item 0239,2.63,Seasonal,1
22620,Gift item 0240,6.73,Cards,0
62568,Gift item 0241,3.25,Cards,1
18522,Gift item 0242,8.56,Seasonal,1
68485,Gift item 0243,3.7,Kids,0
66586,Gift item 0244,7.43,Seasonal,0
17599,Gift item 0245,4.29,Cards,1
78173,Gift item 0246,5.62,Home,1
47422,Gift item 0247,1.91,Seasonal,1
80818,Gift item 0248,1.62,Seasonal,0
13745,Gift item 0249,4.51,Accessories,1
26150,Gift item 0250,5.67,Seasonal,1
54458,Gift item 0251,3.59,Accessories,1
26940,Gift item 0252,0.67,Decor,1
39687,Gift item 0253,0.51,Decor,1
69453,Gift item 0254,0.36,Home,1
23007,Gift item 0255,0.25,Home,1
70992,Gift item 0256,3.74,Home,0
19306,Gift item 0257,5.98,Cards,1
25766,Gift item 0258,3.47,Accessories,1
62887,Gift item 0259,0.25,Accessories,1
81412,Gift item 0260,3.08,Decor,1
25353,Gift item 0261,3.14,Accessories,1
36999,Gift item 0262,8.11,Seasonal,1
93259,Gift item 0263,0.29,Accessories,1
99070,Gift item 0264,2.64,Decor,1
62294,Gift item 0265,7.25,Home,1
50232,Gift item 0266,4.49,Accessories,1
41217,Gift item 0267,4.74,Kids,1
65120,Gift item 0268,3.75,Home,1
63181,Gift item 0269,4.23,Seasonal,0
36527,Gift item 0270,5.21,Kids,1
12052,Gift item 0271,1.72,Kids,1
23634,Gift item 0272,5.43,Seasonal,1
96269,Gift item 0273,0.48,Accessories,1
47633,Gift item 0274,4.22,Kids,1
53406,Gift item 0275,3.89,Kids,0
52039,Gift item 0276,2.14,Decor,1
80445,Gift item 0277,3.45,Home,1
15846,Gift item 0278,2.13,Kids,1
17445,Gift item 0279,1.14,Home,1
34825,Gift item 0280,2.72,Cards,1
53798,Gift item 0281,1.07,Seasonal,1
70400,Gift item 0282,4.21,Decor,1
54163,Gift item 0283,0.97,Seasonal,1
49704,Gift item 0284,5.07,Seasonal,1
94403,Gift item 0285,0.9,Accessories,1
24491,Gift item 0286,2.25,Decor,1
61454,Gift item 0287,2.13,Seasonal,0
58801,Gift item 0288,6.42,Seasonal,1
52613,Gift item 0289,4.23,Cards,0
82682,Gift item 0290,3.03,Seasonal,1
34027,Gift item 0291,4.6,Seasonal,1
95838,Gift item 0292,0.25,Decor,1
39840,Gift item 0293,3.41,Home,1
59049,Gift item 0294,7.89,Cards,1
56859,Gift item 0295,3.79,Cards,1
86479,Gift item 0296,3.65,Cards,1
49501,Gift item 0297,4.71,Seasonal,1
35610,Gift item 0298,5.47,Home,0
11945,Gift item 0299,0.25,Kids,1
42730,Gift item 0300,0.25,Kids,1
84365,Gift item 0301,3.96,Cards,1
10892,Gift item 0302,1.93,Accessories,0
90653,Gift item 0303,6.39,Cards,1
58853,Gift item 0304,2.81,Decor,1
22622,Gift item 0305,0.25,Decor,1
37195,Gift item 0306,0.71,Home,1
59862,Gift item 0307,0.25,Home,1
38411,Gift item 0308,2.98,Home,1
19771,Gift item 0309,3.09,Accessories,1
69938,Gift item 0310,2.57,Seasonal,0
70500,Gift item 0311,5.87,Cards,1
20698,Gift item 0312,6.14,Home,1
35310,Gift item 0313,3.13,Cards,0
31948,Gift item 0314,0.25,Decor,1
69347,Gift item 0315,4.86,Home,1
75725,Gift item 0316,4.72,Home,1
75428,Gift item 0317,4.18,Kids,1
94487,Gift item 0318,5.66,Kids,0
79177,Gift item 0319,0.94,Seasonal,1
38860,Gift item 0320,7.92,Accessories,0
19696,Gift item 0321,1.39,Home,1
65317,Gift item 0322,5.15,Home,1
92440,Gift item 0323,0.25,Decor,0
97763,Gift item 0324,1.45,Cards,1
30719,Gift item 0325,6.84,Seasonal,0
31280,Gift item 0326,2.93,Cards,1
13367,Gift item 0327,5.35,Kids,1
22713,Gift item 0328,4.02,Kids,1
59936,Gift item 0329,3.27,Home,1
59211,Gift item 0330,6.5,Kids,1
43382,Gift item 0331,2.98,Kids,1
37895,Gift item 0332,0.25,Accessories,1
84680,Gift item 0333,1.73,Home,1
51402,Gift item 0334,4.71,Seasonal,1
82741,Gift item 0335,4.37,Kids,1
96688,Gift item 0336,0.25,Home,1
38542,Gift item 0337,1.91,Home,1
28246,Gift item 0338,2.22,Accessories,1
95759,Gift item 0339,2.7,Cards,1
67134,Gift item 0340,0.47,Accessories,1
36182,Gift item 0341,2.12,Home,1
65966,Gift item 0342,1.9,Cards,0
56354,Gift item 0343,5.2,Accessories,1
91496,Gift item 0344,5.28,Decor,1
33036,Gift item 0345,3.18,Seasonal,1
99223,Gift item 0346,2.64,Accessories,1
94242,Gift item 0347,3.81,Home,1
26262,Gift item 0348,1.7,Accessories,1
24814,Gift item 0349,0.98,Seasonal,1
57983,Gift item 0350,1.43,Cards,0
14041,Gift item 0351,2.1,Home,1
36891,Gift item 0352,0.94,Accessories,1
49158,Gift item 0353,3.86,Home,1
97242,Gift item 0354,5.11,Decor,1
99312,Gift item 0355,0.25,Kids,1
23638,Gift item 0356,3.56,Cards,1
90250,Gift item 0357,3.02,Accessories,1
18183,Gift item 0358,4.25,Kids,0
77373,Gift item 0359,3.47,Home,0
86106,Gift item 0360,0.3,Accessories,1
90170,Gift item 0361,0.72,Kids,0
30107,Gift item 0362,3.56,Home,1
90409,Gift item 0363,5.76,Accessories,1
20438,Gift item 0364,0.25,Seasonal,1
56696,Gift item 0365,4.26,Seasonal,1
52258,Gift item 0366,6.12,Home,1
38433,Gift item 0367,3.16,Kids,1
11990,Gift item 0368,4.71,Seasonal,1
79480,Gift item 0369,1.95,Home,1
40202,Gift item 0370,3.24,Kids,1
69548,Gift item 0371,0.25,Seasonal,1
46919,Gift item 0372,0.25,Home,1
43628,Gift item 0373,5.57,Kids,1
89765,Gift item 0374,1.33,Home,1
18501,Gift item 0375,2.5,Cards,1
76294,Gift item 0376,0.45,Kids,1
77210,Gift item 0377,0.4,Cards,1
44198,Gift item 0378,3.12,Cards,1
33621,Gift item 0379,1.89,Cards,1
10477,Gift item 0380,4.33,Accessories,0
94312,Gift item 0381,4.5,Kids,1
95294,Gift item 0382,4.21,Decor,1
31687,Gift item 0383,4.02,Home,1
12871,Gift item 0384,6.97,Cards,0
21048,Gift item 0385,1.15,Seasonal,1
16087,Gift item 0386,3.38,Home,0
84799,Gift item 0387,5.99,Seasonal,1
90271,Gift item 0388,6.28,Seasonal,0
23795,Gift item 0389,0.37,Home,1
77205,Gift item 0390,2.81,Decor,1
26133,Gift item 0391,6.49,Home,1
43048,Gift item 0392,4.62,Cards,1
63943,Gift item 0393,3.93,Kids,1
74792,Gift item 0394,3.02,Decor,1
88709,Gift item 0395,2.66,Kids,1
14030,Gift item 0396,4.13,Home,1
27678,Gift item 0397,2.94,Seasonal,0
35245,Gift item 0398,3.41,Accessories,1
37928,Gift item 0399,3.67,Decor,1
99821,Gift item 0400,2.01,Seasonal,1
79965,Gift item 0401,4.67,Kids,1
38837,Gift item 0402,9.91,Cards,1
97463,Gift item 0403,0.25,Cards,1
54937,Gift item 0404,4.21,Kids,1
55066,Gift item 0405,1.83,Seasonal,0
49032,Gift item 0406,4.77,Seasonal,1
22950,Gift item 0407,3.6,Accessories,1
94092,Gift item 0408,5.18,Accessories,1
11254,Gift item 0409,6.09,Seasonal,0
25684,Gift item 0410,3.92,Home,0
30668,Gift item 0411,5.99,Kids,1
35136,Gift item 0412,0.25,Decor,1
21863,Gift item 0413,7.0,Home,1
11616,Gift item 0414,4.33,Kids,0
70988,Gift item 0415,5.87,Home,1
97236,Gift item 0416,0.82,Seasonal,1
20964,Gift item 0417,1.67,Accessories,1
36687,Gift item 0418,3.82,Seasonal,0
55569,Gift item 0419,3.46,Seasonal,1
93474,Gift item 0420,4.12,Cards,1
72482,Gift item 0421,5.89,Seasonal,1
78956,Gift item 0422,0.25,Seasonal,1
62299,Gift item 0423,5.64,Cards,1
47532,Gift item 0424,3.52,Accessories,0
27979,Gift item 0425,3.05,Home,0
87787,Gift item 0426,0.26,Kids,0
82370,Gift item 0427,4.61,Accessories,1
12259,Gift item 0428,0.25,Seasonal,1
74385,Gift item 0429,4.93,Accessories,1
17594,Gift item 0430,0.25,Accessories,1
76507,Gift item 0431,3.62,Seasonal,1
84335,Gift item 0432,3.24,Decor,0
21795,Gift item 0433,6.07,Kids,0
49044,Gift item 0434,3.11,Cards,1
21137,Gift item 0435,1.97,Home,0
61054,Gift item 0436,2.39,Seasonal,1
93479,Gift item 0437,6.3,Decor,1
17278,Gift item 0438,4.68,Cards,1
45781,Gift item 0439,2.65,Seasonal,0
97579,Gift item 0440,2.98,Cards,1
37085,Gift item 0441,0.25,Seasonal,0
21899,Gift item 0442,4.35,Kids,1
53972,Gift item 0443,0.25,Seasonal,0
55753,Gift item 0444,5.15,Kids,0
69657,Gift item 0445,3.78,Cards,0
38236,Gift item 0446,8.75,Decor,1
96005,Gift item 0447,1.08,Decor,1
56891,Gift item 0448,3.27,Seasonal,0
35779,Gift item 0449,7.46,Cards,1
96424,Gift item 0450,6.12,Kids,0
93231,Gift item 0451,1.97,Accessories,1
54924,Gift item 0452,3.99,Decor,0
12237,Gift item 0453,3.5,Accessories,1
63723,Gift item 0454,4.12,Accessories,1
59967,Gift item 0455,1.96,Kids,1
23338,Gift item 0456,3.3,Accessories,1
67057,Gift item 0457,0.25,Cards,1
85670,Gift item 0458,3.8,Kids,1
19530,Gift item 0459,4.49,Accessories,0
75098,Gift item 0460,3.0,Seasonal,1
22630,Gift item 0461,0.25,Kids,1
77393,Gift item 0462,5.67,Decor,0
47719,Gift item 0463,4.3,Accessories,0
10585,Gift item 0464,1.9,Seasonal,1
96959,Gift item 0465,2.88,Accessories,1
24937,Gift item 0466,0.25,Decor,0
63643,Gift item 0467,1.24,Home,1
26331,Gift item 0468,2.32,Home,1
93971,Gift item 0469,6.2,Kids,1
76448,Gift item 0470,2.09,Accessories,1
82391,Gift item 0471,4.91,Seasonal,1
48886,Gift item 0472,2.32,Decor,1
52063,Gift item 0473,4.05,Cards,1
67086,Gift item 0474,3.19,Accessories,0
80627,Gift item 0475,5.42,Kids,1
86227,Gift item 0476,2.32,Home,1
11605,Gift item 0477,0.25,Decor,1
69719,Gift item 0478,0.46,Cards,1
19822,Gift item 0479,2.33,Kids,1
35913,Gift item 0480,0.75,Accessories,1
84647,Gift item 0481,4.4,Decor,1
32545,Gift item 0482,2.48,Decor,1
81712,Gift item 0483,8.72,Home,0
51670,Gift item 0484,0.25,Decor,1
30937,Gift item 0485,3.95,Cards,1
40081,Gift item 0486,1.02,Decor,0
57768,Gift item 0487,2.41,Kids,1
78862,Gift item 0488,3.81,Accessories,0
64540,Gift item 0489,0.25,Seasonal,1
93989,Gift item 0490,4.02,Accessories,1
88095,Gift item 0491,7.69,Seasonal,0
77801,Gift item 0492,2.5,Kids,1
64279,Gift item 0493,4.07,Seasonal,1
36086,Gift item 0494,5.75,Kids,1
47131,Gift item 0495,3.14,Kids,1
20700,Gift item 0496,2.22,Home,0
43676,Gift item 0497,0.25,Decor,1
93381,Gift item 0498,4.91,Kids,1
48328,Gift item 0499,3.25,Cards,1
20235,Gift item 0500,1.27,Seasonal,1
68673,Gift item 0501,3.78,Decor,1
96634,Gift item 0502,2.22,Seasonal,1
88073,Gift item 0503,2.34,Accessories,1
34666,Gift item 0504,4.83,Kids,1
50850,Gift item 0505,0.56,Kids,1
57790,Gift item 0506,5.8,Accessories,1
32305,Gift item 0507,0.43,Decor,1
34182,Gift item 0508,2.04,Seasonal,1
31299,Gift item 0509,7.73,Cards,1
99511,Gift item 0510,5.98,Seasonal,1
77140,Gift item 0511,3.71,Seasonal,0
85676,Gift item 0512,1.43,Seasonal,1
83490,Gift item 0513,2.34,Cards,1
96321,Gift item 0514,3.66,Home,0
19474,Gift item 0515,3.58,Kids,1
89346,Gift item 0516,3.3,Kids,0
15990,Gift item 0517,3.43,Decor,1
52787,Gift item 0518,3.03,Kids,1
63498,Gift item 0519,0.33,Cards,1
42207,Gift item 0520,2.36,Decor,0
23155,Gift item 0521,5.51,Decor,1
27306,Gift item 0522,0.49,Decor,0
84218,Gift item 0523,3.08,Home,1
38684,Gift item 0524,1.7,Kids,1
37929,Gift item 0525,3.74,Accessories,1
93101,Gift item 0526,2.65,Seasonal,1
22948,Gift item 0527,6.75,Home,1
92373,Gift item 0528,4.61,Home,1
92886,Gift item 0529,0.61,Decor,1
63869,Gift item 0530,4.98,Accessories,1
24897,Gift item 0531,1.8,Seasonal,1
24027,Gift item 0532,2.23,Decor,1
35624,Gift item 0533,4.19,Decor,0
61966,Gift item 0534,2.42,Decor,1
23825,Gift item 0535,5.46,Cards,1
51008,Gift item 0536,1.8,Cards,1
20393,Gift item 0537,2.14,Seasonal,1
58625,Gift item 0538,2.06,Decor,1
11903,Gift item 0539,2.26,Kids,1
73812,Gift item 0540,5.92,Kids,1
14985,Gift item 0541,4.88,Accessories,1
27533,Gift item 0542,7.26,Accessories,0
25717,Gift item 0543,8.49,Kids,0
84788,Gift item 0544,1.23,Cards,1
14804,Gift item 0545,3.65,Seasonal,1
48632,Gift item 0546,0.91,Home,1
63202,Gift item 0547,1.79,Home,1
56439,Gift item 0548,2.11,Decor,1
71263,Gift item 0549,1.17,Kids,1
82278,Gift item 0550,1.19,Kids,0
45426,Gift item 0551,3.18,Accessories,1
84538,Gift item 0552,0.82,Kids,1
38618,Gift item 0553,5.35,Accessories,0
98597,Gift item 0554,1.48,Home,1
55406,Gift item 0555,9.68,Home,1
76240,Gift item 0556,2.51,Cards,1
88749,Gift item 0557,3.66,Kids,1
81337,Gift item 0558,0.65,Seasonal,1
86600,Gift item 0559,7.25,Kids,1
58285,Gift item 0560,5.96,Kids,1
13912,Gift item 0561,4.15,Seasonal,1
54377,Gift item 0562,0.54,Seasonal,1
26334,Gift item 0563,3.96,Decor,1
90019,Gift item 0564,1.03,Home,1
31306,Gift item 0565,6.72,Seasonal,1
30526,Gift item 0566,5.28,Kids,1
32444,Gift item 0567,3.71,Accessories,1
67830,Gift item 0568,0.25,Cards,1
61410,Gift item 0569,1.34,Cards,1
95394,Gift item 0570,5.01,Seasonal,1
47463,Gift item 0571,6.17,Accessories,1
35404,Gift item 0572,5.94,Home,1
14432,Gift item 0573,0.25,Accessories,1
10636,Gift item 0574,4.16,Home,1
43624,Gift item 0575,5.73,Home,0
93322,Gift item 0576,0.25,Decor,1
57137,Gift item 0577,3.48,Seasonal,1
90418,Gift item 0578,4.1,Kids,0
19150,Gift item 0579,2.84,Home,1
18398,Gift item 0580,0.25,Decor,1
85010,Gift item 0581,2.78,Decor,1
19606,Gift item 0582,2.78,Accessories,1
14676,Gift item 0583,3.17,Cards,0
46367,Gift item 0584,2.26,Kids,1
93234,Gift item 0585,2.53,Seasonal,1
72043,Gift item 0586,3.41,Home,0
18920,Gift item 0587,4.47,Seasonal,1
85340,Gift item 0588,2.83,Seasonal,1
85920,Gift item 0589,2.6,Seasonal,1
82061,Gift item 0590,3.7,Seasonal,1
91237,Gift item 0591,0.25,Accessories,1
31588,Gift item 0592,4.55,Home,1
98160,Gift item 0593,3.5,Accessories,1
38862,Gift item 0594,3.59,Kids,1
82181,Gift item 0595,5.61,Decor,1
62142,Gift item 0596,0.25,Accessories,1
80152,Gift item 0597,0.25,Cards,1
66503,Gift item 0598,4.1,Kids,1
67822,Gift item 0599,3.48,Seasonal,0
65464,Gift item 0600,3.87,Accessories,1
80108,Gift item 0601,2.48,Accessories,1
76513,Gift item 0602,4.96,Kids,1
22109,Gift item 0603,5.55,Accessories,1
84344,Gift item 0604,4.56,Kids,1
58245,Gift item 0605,2.93,Seasonal,1
39077,Gift item 0606,0.25,Seasonal,1
56279,Gift item 0607,5.19,Cards,0
97027,Gift item 0608,6.19,Decor,1
87180,Gift item 0609,4.92,Home,0
85032,Gift item 0610,1.56,Cards,1
51651,Gift item 0611,4.98,Decor,1
80571,Gift item 0612,5.39,Home,1
44657,Gift item 0613,6.93,Decor,1
71754,Gift item 0614,1.57,Accessories,1
67560,Gift item 0615,3.0,Cards,1
32481,Gift item 0616,5.14,Kids,1
33981,Gift item 0617,3.63,Accessories,0
15501,Gift item 0618,1.04,Seasonal,1
22579,Gift item 0619,4.41,Seasonal,1
49025,Gift item 0620,4.77,Accessories,1
53008,Gift item 0621,3.69,Decor,1
24860,Gift item 0622,3.98,Cards,0
47519,Gift item 0623,2.93,Decor,1
64375,Gift item 0624,6.75,Accessories,1
30931,Gift item 0625,1.52,Accessories,0
40440,Gift item 0626,2.21,Kids,1
43075,Gift item 0627,3.52,Decor,0
55454,Gift item 0628,5.43,Seasonal,1
42974,Gift item 0629,0.25,Seasonal,0
76324,Gift item 0630,0.62,Cards,1
39474,Gift item 0631,0.25,Accessories,1
49050,Gift item 0632,3.57,Kids,1
44151,Gift item 0633,1.04,Cards,1
26462,Gift item 0634,2.65,Cards,1
71716,Gift item 0635,4.96,Seasonal,0
31189,Gift item 0636,2.09,Accessories,1
36718,Gift item 0637,4.01,Kids,1
81346,Gift item 0638,2.84,Decor,1
95396,Gift item 0639,4.98,Cards,1
70375,Gift item 0640,4.55,Accessories,1
92470,Gift item 0641,1.98,Decor,0
86876,Gift item 0642,3.13,Accessories,0
53281,Gift item 0643,5.8,Cards,1
79325,Gift item 0644,4.37,Kids,1
39552,Gift item 0645,0.43,Kids,1
51444,Gift item 0646,4.94,Kids,1
58188,Gift item 0647,1.11,Cards,1
96443,Gift item 0648,6.61,Accessories,1
86369,Gift item 0649,5.75,Home,1
54032,Gift item 0650,4.14,Home,1
68732,Gift item 0651,3.85,Accessories,1
28211,Gift item 0652,3.04,Decor,1
82394,Gift item 0653,4.99,Kids,1
59772,Gift item 0654,2.68,Accessories,1
57944,Gift item 0655,4.02,Decor,1
78964,Gift item 0656,5.42,Accessories,1
66961,Gift item 0657,2.26,Cards,0
16521,Gift item 0658,2.14,Accessories,1
35933,Gift item 0659,0.87,Decor,1
25904,Gift item 0660,1.16,Decor,0
76139,Gift item 0661,0.25,Accessories,1
13163,Gift item 0662,5.11,Home,0
28216,Gift item 0663,7.48,Kids,1
63769,Gift item 0664,6.64,Home,0
72531,Gift item 0665,0.25,Accessories,1
55296,Gift item 0666,5.09,Home,1
87463,Gift item 0667,6.63,Accessories,1
92703,Gift item 0668,2.5,Kids,1
21889,Gift item 0669,3.72,Home,1
95725,Gift item 0670,0.25,Home,1
65293,Gift item 0671,4.09,Accessories,1
67259,Gift item 0672,1.16,Home,1
18558,Gift item 0673,3.94,Cards,1
65967,Gift item 0674,0.25,Decor,1
75313,Gift item 0675,4.69,Decor,1
62270,Gift item 0676,5.75,Seasonal,1
17604,Gift item 0677,1.78,Decor,0
57089,Gift item 0678,1.0,Accessories,1
94233,Gift item 0679,0.25,Kids,1
75106,Gift item 0680,2.91,Home,1
22366,Gift item 0681,2.22,Accessories,1
96393,Gift item 0682,0.25,Decor,0
96298,Gift item 0683,4.5,Home,0
25245,Gift item 0684,2.51,Home,1
82078,Gift item 0685,1.13,Kids,1
46604,Gift item 0686,2.28,Accessories,1
63430,Gift item 0687,5.86,Kids,1
50066,Gift item 0688,4.83,Kids,1
80435,Gift item 0689,3.21,Seasonal,1
99698,Gift item 0690,4.86,Home,1
81559,Gift item 0691,0.95,Home,1
93822,Gift item 0692,3.57,Home,1
95141,Gift item 0693,3.82,Decor,1
18109,Gift item 0694,2.47,Decor,1
32804,Gift item 0695,4.46,Kids,1
74966,Gift item 0696,1.78,Home,1
63106,Gift item 0697,4.62,Kids,1
14513,Gift item 0698,4.71,Cards,1
18554,Gift item 0699,0.25,Seasonal,1
56848,Gift item 0700,6.12,Kids,1
65454,Gift item 0701,0.25,Accessories,1
25094,Gift item 0702,2.14,Seasonal,1
25416,Gift item 0703,5.76,Kids,1
21640,Gift item 0704,2.8,Kids,1
60844,Gift item 0705,0.27,Kids,1
10706,Gift item 0706,1.09,Decor,1
61518,Gift item 0707,5.76,Accessories,1
52833,Gift item 0708,0.25,Home,1
51938,Gift item 0709,5.98,Home,1
71134,Gift item 0710,3.38,Kids,1
57036,Gift item 0711,0.88,Cards,1
75496,Gift item 0712,2.22,Home,1
78752,Gift item 0713,1.26,Home,1
92809,Gift item 0714,5.41,Decor,1
81931,Gift item 0715,5.11,Kids,1
56593,Gift item 0716,0.25,Seasonal,1
54293,Gift item 0717,2.61,Seasonal,0
31213,Gift item 0718,1.6,Accessories,0
63962,Gift item 0719,6.35,Accessories,1
22522,Gift item 0720,0.53,Accessories,1
93810,Gift item 0721,7.03,Seasonal,1
86053,Gift item 0722,3.43,Accessories,1
20775,Gift item 0723,0.94,Cards,1
80735,Gift item 0724,2.01,Seasonal,1
20539,Gift item 0725,1.74,Kids,1
74909,Gift item 0726,0.7,Home,1
17893,Gift item 0727,3.71,Accessories,1
53936,Gift item 0728,0.8,Home,1
69207,Gift item 0729,0.25,Seasonal,1
75592,Gift item 0730,2.66,Decor,1
47674,Gift item 0731,0.25,Home,1
92945,Gift item 0732,1.85,Cards,1
79688,Gift item 0733,1.5,Kids,0
28743,Gift item 0734,1.58,Kids,1
70410,Gift item 0735,7.9,Accessories,1
75747,Gift item 0736,3.62,Accessories,1
40027,Gift item 0737,4.04,Kids,1
76440,Gift item 0738,0.25,Cards,0
90852,Gift item 0739,2.06,Cards,1
83539,Gift item 0740,3.97,Seasonal,0
78627,Gift item 0741,1.25,Decor,1
67104,Gift item 0742,5.5,Seasonal,1
34347,Gift item 0743,0.85,Cards,1
81569,Gift item 0744,2.87,Seasonal,1
42776,Gift item 0745,2.21,Seasonal,1
57897,Gift item 0746,3.86,Decor,0
38299,Gift item 0747,2.09,Decor,0
38171,Gift item 0748,2.9,Home,1
24184,Gift item 0749,2.98,Accessories,1
96515,Gift item 0750,1.88,Kids,0
23300,Gift item 0751,4.57,Accessories,0
17763,Gift item 0752,4.02,Accessories,1
94250,Gift item 0753,3.31,Cards,0
59950,Gift item 0754,2.55,Cards,1
49410,Gift item 0755,5.25,Accessories,0
76373,Gift item 0756,2.98,Decor,1
44498,Gift item 0757,2.83,Cards,1
21512,Gift item 0758,3.73,Seasonal,1
75670,Gift item 0759,7.23,Decor,1
25839,Gift item 0760,0.55,Decor,1
59768,Gift item 0761,5.19,Home,1
95415,Gift item 0762,0.25,Cards,0
94251,Gift item 0763,3.98,Decor,1
42470,Gift item 0764,6.97,Kids,1
80226,Gift item 0765,4.58,Kids,1
65140,Gift item 0766,3.88,Kids,1
53142,Gift item 0767,2.27,Cards,1
22593,Gift item 0768,3.57,Cards,1
43871,Gift item 0769,2.95,Decor,1
68671,Gift item 0770,1.77,Accessories,1
98795,Gift item 0771,2.86,Home,0
10440,Gift item 0772,3.94,Cards,1
74597,Gift item 0773,1.81,Home,1
86169,Gift item 0774,1.73,Seasonal,1
95606,Gift item 0775,0.51,Home,0
48141,Gift item 0776,4.36,Cards,1
20662,Gift item 0777,4.7,Kids,1
34386,Gift item 0778,4.01,Seasonal,1
86547,Gift item 0779,5.62,Home,1
89013,Gift item 0780,3.69,Kids,1
67336,Gift item 0781,4.36,Decor,0
21046,Gift item 0782,4.17,Cards,1
20972,Gift item 0783,3.3,Accessories,0
53035,Gift item 0784,2.33,Accessories,1
62942,Gift item 0785,8.37,Cards,1
12914,Gift item 0786,2.51,Cards,1
71747,Gift item 0787,2.04,Seasonal,0
59005,Gift item 0788,4.45,Cards,1
11107,Gift item 0789,4.05,Accessories,1
18610,Gift item 0790,0.41,Cards,1
50888,Gift item 0791,5.97,Home,0
75031,Gift item 0792,3.29,Home,1
84285,Gift item 0793,1.06,Cards,1
48816,Gift item 0794,6.12,Decor,1
36582,Gift item 0795,4.88,Seasonal,1
97146,Gift item 0796,0.72,Cards,1
51268,Gift item 0797,7.41,Home,1
38384,Gift item 0798,4.95,Decor,1
49807,Gift item 0799,3.48,Seasonal,1
11088,Gift item 0800,7.0,Home,1
37173,Gift item 0801,3.85,Decor,1
56399,Gift item 0802,3.44,Cards,1
92658,Gift item 0803,2.05,Home,1
76439,Gift item 0804,4.78,Home,0
80315,Gift item 0805,4.55,Accessories,1
59040,Gift item 0806,3.53,Home,0
19952,Gift item 0807,1.76,Decor,0
45182,Gift item 0808,3.79,Cards,1
99732,Gift item 0809,3.35,Decor,1
13975,Gift item 0810,0.57,Seasonal,1
89127,Gift item 0811,0.26,Seasonal,1
71603,Gift item 0812,4.74,Decor,1
35551,Gift item 0813,0.25,Home,1
80018,Gift item 0814,3.95,Accessories,1
85319,Gift item 0815,2.45,Kids,1
13889,Gift item 0816,6.38,Decor,1
19577,Gift item 0817,2.41,Seasonal,1
69916,Gift item 0818,4.95,Decor,1
99918,Gift item 0819,2.63,Decor,1
12156,Gift item 0820,3.75,Seasonal,1
69910,Gift item 0821,5.12,Kids,1
22287,Gift item 0822,2.48,Home,1
68510,Gift item 0823,5.69,Kids,1
66097,Gift item 0824,1.31,Seasonal,1
18139,Gift item 0825,4.15,Home,1
71264,Gift item 0826,5.53,Accessories,1
90732,Gift item 0827,4.95,Accessories,1
87709,Gift item 0828,7.72,Home,1
12609,Gift item 0829,1.82,Seasonal,0
32132,Gift item 0830,0.47,Home,1
31674,Gift item 0831,1.31,Decor,1
50795,Gift item 0832,4.95,Kids,1
22871,Gift item 0833,4.6,Home,1
86890,Gift item 0834,3.72,Seasonal,0
79908,Gift item 0835,1.03,Cards,1
82750,Gift item 0836,5.19,Seasonal,1
27838,Gift item 0837,0.81,Decor,1
11311,Gift item 0838,6.05,Kids,1
91956,Gift item 0839,9.79,Seasonal,1
36001,Gift item 0840,4.31,Seasonal,1
69063,Gift item 0841,4.78,Home,1
91848,Gift item 0842,2.42,Decor,1
13254,Gift item 0843,0.25,Kids,0
10492,Gift item 0844,2.17,Kids,1
10488,Gift item 0845,1.1,Home,1
24069,Gift item 0846,0.32,Decor,0
14649,Gift item 0847,7.29,Seasonal,1
83797,Gift item 0848,4.1,Accessories,1
64532,Gift item 0849,4.34,Cards,1
98203,Gift item 0850,2.82,Decor,0
82132,Gift item 0851,3.12,Accessories,1
96685,Gift item 0852,5.62,Cards,1
31469,Gift item 0853,3.43,Seasonal,1
35901,Gift item 0854,4.67,Cards,1
86445,Gift item 0855,3.07,Accessories,1
32039,Gift item 0856,2.75,Kids,1
15150,Gift item 0857,0.4,Seasonal,0
70221,Gift item 0858,0.25,Decor,1
82085,Gift item 0859,2.92,Cards,1
97136,Gift item 0860,3.62,Decor,1
93500,Gift item 0861,0.67,Home,1
20820,Gift item 0862,3.42,Kids,1
79488,Gift item 0863,3.62,Decor,1
86150,Gift item 0864,0.25,Kids,0
72830,Gift item 0865,1.49,Decor,1
83781,Gift item 0866,4.4,Decor,1
85417,Gift item 0867,4.35,Home,0
50189,Gift item 0868,0.96,Accessories,1
13613,Gift item 0869,3.85,Seasonal,0
51057,Gift item 0870,5.75,Kids,1
28160,Gift item 0871,5.21,Kids,0
20235,Gift item 0872,3.29,Decor,0
21243,Gift item 0873,2.47,Cards,1
72762,Gift item 0874,2.12,Kids,1
55407,Gift item 0875,4.53,Accessories,1
58584,Gift item 0876,3.93,Accessories,1
77066,Gift item 0877,4.88,Accessories,1
59343,Gift item 0878,3.79,Accessories,1
66700,Gift item 0879,5.3,Decor,1
17742,Gift item 0880,3.71,Cards,0
86600,Gift item 0881,5.23,Decor,1
50389,Gift item 0882,5.42,Home,0
23969,Gift item 0883,1.73,Kids,1
83198,Gift item 0884,0.25,Kids,0
76115,Gift item 0885,6.9,Accessories,1
14772,Gift item 0886,4.06,Accessories,1
27373,Gift item 0887,0.25,Decor,0
11417,Gift item 0888,1.93,Kids,1
34368,Gift item 0889,5.2,Seasonal,1
18998,Gift item 0890,2.88,Kids,0
73890,Gift item 0891,2.37,Cards,0
57029,Gift item 0892,6.58,Seasonal,1
98217,Gift item 0893,1.2,Home,1
77447,Gift item 0894,1.74,Cards,1
65038,Gift item 0895,3.97,Seasonal,1
55837,Gift item 0896,4.36,Accessories,1
14904,Gift item 0897,4.59,Decor,1
16318,Gift item 0898,5.5,Seasonal,0
65467,Gift item 0899,3.94,Kids,1
10394,Gift item 0900,4.58,Seasonal,1
13811,Gift item 0901,2.93,Home,1
29721,Gift item 0902,3.64,Home,1
89572,Gift item 0903,3.74,Seasonal,1
51303,Gift item 0904,3.97,Kids,1
73861,Gift item 0905,5.2,Accessories,1
47040,Gift item 0906,4.72,Home,1
25581,Gift item 0907,3.6,Cards,0
43403,Gift item 0908,1.72,Decor,1
18254,Gift item 0909,3.65,Home,1
79322,Gift item 0910,3.44,Cards,1
26517,Gift item 0911,3.92,Home,1
43873,Gift item 0912,8.35,Accessories,1
98201,Gift item 0913,2.35,Kids,1
63276,Gift item 0914,4.43,Accessories,0
51269,Gift item 0915,5.85,Cards,1
58870,Gift item 0916,3.72,Cards,1
80566,Gift item 0917,8.64,Seasonal,1
32903,Gift item 0918,2.67,Accessories,1
67276,Gift item 0919,4.21,Cards,1
88541,Gift item 0920,1.74,Decor,1
61516,Gift item 0921,2.73,Cards,1
50188,Gift item 0922,4.05,Kids,1
23061,Gift item 0923,5.36,Seasonal,1
32345,Gift item 0924,4.2,Accessories,1
95141,Gift item 0925,6.27,Decor,1
58712,Gift item 0926,3.29,Cards,1
37120,Gift item 0927,2.77,Decor,1
47652,Gift item 0928,9.45,Decor,1
62020,Gift item 0929,4.37,Accessories,0
58378,Gift item 0930,1.92,Seasonal,1
72979,Gift item 0931,1.97,Kids,1
33174,Gift item 0932,1.43,Kids,1
68430,Gift item 0933,5.56,Decor,1
49840,Gift item 0934,2.7,Accessories,1
94652,Gift item 0935,3.78,Decor,1
24212,Gift item 0936,3.36,Home,1
23359,Gift item 0937,5.11,Decor,1
51548,Gift item 0938,1.64,Accessories,1
55751,Gift item 0939,1.13,Cards,1
72178,Gift item 0940,3.99,Kids,1
46362,Gift item 0941,4.82,Kids,1
92233,Gift item 0942,4.23,Home,1
52674,Gift item 0943,1.72,Decor,1
21640,Gift item 0944,4.99,Decor,1
20729,Gift item 0945,1.86,Cards,1
97605,Gift item 0946,2.35,Home,1
22068,Gift item 0947,1.42,Seasonal,1
95305,Gift item 0948,6.36,Cards,0
35026,Gift item 0949,4.89,Home,0
18406,Gift item 0950,4.83,Accessories,0
37423,Gift item 0951,6.24,Kids,1
65322,Gift item 0952,9.69,Cards,1
48510,Gift item 0953,0.25,Cards,1
80701,Gift item 0954,1.88,Cards,1
64988,Gift item 0955,2.14,Seasonal,0
46070,Gift item 0956,1.63,Accessories,0
67115,Gift item 0957,1.13,Decor,0
97430,Gift item 0958,2.84,Cards,1
47062,Gift item 0959,0.82,Home,1
23809,Gift item 0960,4.24,Cards,1
46790,Gift item 0961,3.61,Kids,0
85609,Gift item 0962,4.56,Home,0
29586,Gift item 0963,4.62,Accessories,1
95421,Gift item 0964,4.83,Decor,0
62946,Gift item 0965,2.68,Home,1
64140,Gift item 0966,8.17,Home,1
38533,Gift item 0967,4.02,Cards,0
92840,Gift item 0968,0.25,Cards,1
13245,Gift item 0969,1.29,Home,1
36880,Gift item 0970,0.25,Cards,1
47655,Gift item 0971,3.54,Cards,1
52954,Gift item 0972,3.23,Cards,1
52671,Gift item 0973,2.47,Seasonal,1
23313,Gift item 0974,7.92,Accessories,1
30303,Gift item 0975,4.71,Cards,1
18571,Gift item 0976,5.1,Cards,1
61520,Gift item 0977,1.45,Accessories,1
41577,Gift item 0978,1.3,Seasonal,1
60918,Gift item 0979,3.58,Home,0
63073,Gift item 0980,3.88,Seasonal,1
73179,Gift item 0981,0.25,Home,1
59232,Gift item 0982,3.1,Seasonal,1
68314,Gift item 0983,3.53,Home,1
62842,Gift item 0984,3.03,Decor,1
68718,Gift item 0985,1.71,Accessories,1
65497,Gift item 0986,2.31,Accessories,1
38458,Gift item 0987,3.11,Decor,1
32165,Gift item 0988,3.7,Kids,1
80868,Gift item 0989,4.83,Kids,1
40842,Gift item 0990,5.88,Seasonal,1
59422,Gift item 0991,2.85,Kids,0
27727,Gift item 0992,2.5,Seasonal,1
48827,Gift item 0993,4.46,Accessories,1
57669,Gift item 0994,4.84,Cards,1
66340,Gift item 0995,2.54,Accessories,1
57373,Gift item 0996,5.24,Seasonal,1
42458,Gift item 0997,5.66,Decor,1
96558,Gift item 0998,6.34,Decor,0
56146,Gift item 0999,7.41,Kids,1
82746,Gift item 1000,1.59,Seasonal,0
76302,Gift item 1001,3.53,Decor,1
60247,Gift item 1002,3.52,Seasonal,1
89775,Gift item 1003,3.28,Cards,1
21543,Gift item 1004,2.07,Seasonal,1
92894,Gift item 1005,0.25,Kids,1
86519,Gift item 1006,3.7,Decor,1
55326,Gift item 1007,1.81,Home,1
76004,Gift item 1008,3.69,Seasonal,1
56824,Gift item 1009,1.75,Home,0
34188,Gift item 1010,1.08,Kids,0
81987,Gift item 1011,4.02,Accessories,1
32132,Gift item 1012,3.83,Seasonal,1
38300,Gift item 1013,4.77,Kids,1
56735,Gift item 1014,8.31,Decor,1
85363,Gift item 1015,4.11,Cards,1
44552,Gift item 1016,4.57,Home,1
54472,Gift item 1017,1.13,Accessories,1
13749,Gift item 1018,0.67,Home,1
20426,Gift item 1019,6.98,Accessories,0
15035,Gift item 1020,1.47,Cards,1
16485,Gift item 1021,1.2,Decor,1
88165,Gift item 1022,3.41,Seasonal,1
85778,Gift item 1023,3.3,Seasonal,1
83968,Gift item 1024,1.51,Decor,1
15001,Gift item 1025,2.83,Decor,1
16987,Gift item 1026,6.2,Seasonal,0
35254,Gift item 1027,1.73,Home,0
60875,Gift item 1028,0.43,Kids,1
40071,Gift item 1029,5.57,Accessories,1
53879,Gift item 1030,4.58,Kids,1
25569,Gift item 1031,2.13,Cards,1
75769,Gift item 1032,0.25,Decor,0
38250,Gift item 1033,1.86,Decor,1
15988,Gift item 1034,3.38,Home,1
76841,Gift item 1035,6.06,Cards,1
91250,Gift item 1036,1.22,Decor,1
11321,Gift item 1037,3.31,Kids,0
49300,Gift item 1038,4.99,Accessories,1
84444,Gift item 1039,0.25,Decor,1
73554,Gift item 1040,5.77,Cards,0
87088,Gift item 1041,0.9,Accessories,1
47368,Gift item 1042,4.23,Home,1
43503,Gift item 1043,4.04,Accessories,1
73825,Gift item 1044,5.89,Decor,1
23825,Gift item 1045,4.71,Home,0
31547,Gift item 1046,0.25,Decor,0
64075,Gift item 1047,1.77,Seasonal,1
70160,Gift item 1048,3.8,Cards,1
20770,Gift item 1049,3.07,Accessories,1
55747,Gift item 1050,4.55,Seasonal,1
42842,Gift item 1051,5.24,Home,0
55156,Gift item 1052,4.84,Home,1
96257,Gift item 1053,3.03,Decor,1
16894,Gift item 1054,0.25,Kids,1
99590,Gift item 1055,2.5,Cards,0
50461,Gift item 1056,4.42,Seasonal,1
79488,Gift item 1057,1.1,Cards,1
48201,Gift item 1058,4.89,Cards,1
37986,Gift item 1059,5.5,Home,1
79353,Gift item 1060,3.78,Accessories,1
71889,Gift item 1061,0.25,Cards,1
22965,Gift item 1062,0.69,Seasonal,1
73485,Gift item 1063,7.65,Home,1
77776,Gift item 1064,2.3,Cards,0
44905,Gift item 1065,0.25,Kids,1
93307,Gift item 1066,6.22,Home,1
67679,Gift item 1067,3.53,Cards,1
40026,Gift item 1068,5.93,Decor,1
10965,Gift item 1069,4.11,Home,0
70745,Gift item 1070,4.51,Seasonal,1
28814,Gift item 1071,4.3,Home,1
78086,Gift item 1072,5.03,Cards,1
57257,Gift item 1073,8.51,Home,1
52004,Gift item 1074,5.64,Decor,1
24737,Gift item 1075,0.25,Accessories,1
74034,Gift item 1076,4.48,Accessories,0
24931,Gift item 1077,6.01,Decor,1
47597,Gift item 1078,6.15,Cards,1
85266,Gift item 1079,2.56,Home,1
92832,Gift item 1080,6.06,Home,1
99020,Gift item 1081,5.54,Home,1
96220,Gift item 1082,9.16,Decor,1
60036,Gift item 1083,1.85,Accessories,1
28043,Gift item 1084,2.38,Home,1
85515,Gift item 1085,2.83,Seasonal,1
82145,Gift item 1086,2.42,Accessories,0
99127,Gift item 1087,1.54,Decor,1
68584,Gift item 1088,0.25,Kids,1
22743,Gift item 1089,2.54,Cards,1
55260,Gift item 1090,4.31,Cards,1
50341,Gift item 1091,2.41,Decor,0
85864,Gift item 1092,7.76,Kids,1
45331,Gift item 1093,3.53,Cards,1
39573,Gift item 1094,6.34,Decor,1
17204,Gift item 1095,4.08,Accessories,1
85190,Gift item 1096,5.32,Kids,1
77978,Gift item 1097,4.11,Decor,1
13710,Gift item 1098,6.51,Accessories,0
49039,Gift item 1099,3.62,Seasonal,1
53174,Gift item 1100,4.59,Cards,1
52238,Gift item 1101,4.31,Home,1
92702,Gift item 1102,2.87,Decor,1
23560,Gift item 1103,4.39,Accessories,0
37570,Gift item 1104,8.42,Accessories,1
26283,Gift item 1105,2.91,Home,0
31967,Gift item 1106,4.42,Kids,1
91638,Gift item 1107,6.27,Cards,1
94664,Gift item 1108,6.01,Seasonal,1
14018,Gift item 1109,3.53,Decor,1
66887,Gift item 1110,0.25,Cards,1
30956,Gift item 1111,4.64,Cards,1
27330,Gift item 1112,0.25,Accessories,1
36285,Gift item 1113,6.73,Seasonal,1
27494,Gift item 1114,3.87,Decor,1
54117,Gift item 1115,5.7,Kids,1
99603,Gift item 1116,1.52,Accessories,1
62779,Gift item 1117,0.25,Decor,1
75091,Gift item 1118,4.07,Decor,1
54395,Gift item 1119,3.43,Seasonal,1
11251,Gift item 1120,2.42,Decor,1
17570,Gift item 1121,3.69,Accessories,1
34198,Gift item 1122,9.59,Cards,1
31929,Gift item 1123,5.34,Accessories,1
85651,Gift item 1124,5.81,Cards,0
85922,Gift item 1125,5.36,Cards,1
86870,Gift item 1126,6.75,Cards,1
67382,Gift item 1127,3.08,Decor,1
60055,Gift item 1128,0.25,Accessories,0
68422,Gift item 1129,3.09,Home,1
46612,Gift item 1130,5.29,Kids,1
70317,Gift item 1131,1.37,Kids,1
81499,Gift item 1132,3.11,Decor,1
78660,Gift item 1133,1.98,Accessories,0
65244,Gift item 1134,6.8,Kids,0
15229,Gift item 1135,5.15,Home,1
75244,Gift item 1136,4.93,Decor,0
42994,Gift item 1137,4.87,Kids,1
76929,Gift item 1138,3.42,Home,1
58556,Gift item 1139,3.93,Seasonal,1
89305,Gift item 1140,0.89,Cards,1
40460,Gift item 1141,0.25,Home,1
93824,Gift item 1142,3.83,Kids,1
86002,Gift item 1143,4.21,Accessories,1
39799,Gift item 1144,6.16,Home,1
53431,Gift item 1145,6.96,Home,1
57820,Gift item 1146,6.95,Cards,0
79175,Gift item 1147,1.3,Accessories,1
72023,Gift item 1148,2.73,Seasonal,0
86680,Gift item 1149,4.56,Seasonal,1
43287,Gift item 1150,9.07,Kids,1
55430,Gift item 1151,6.76,Decor,1
48777,Gift item 1152,5.96,Decor,1
91858,Gift item 1153,2.65,Seasonal,1
37447,Gift item 1154,1.56,Decor,1
62840,Gift item 1155,5.24,Cards,1
20814,Gift item 1156,1.08,Seasonal,1
86523,Gift item 1157,2.98,Home,1
44579,Gift item 1158,3.25,Cards,1
40652,Gift item 1159,7.0,Accessories,1
62461,Gift item 1160,2.72,Decor,1
54893,Gift item 1161,0.25,Seasonal,1
86317,Gift item 1162,4.61,Seasonal,0
57826,Gift item 1163,1.96,Seasonal,1
56529,Gift item 1164,3.59,Seasonal,1
19448,Gift item 1165,3.31,Kids,1
11974,Gift item 1166,2.9,Home,0
45869,Gift item 1167,5.24,Cards,1
99837,Gift item 1168,0.25,Accessories,1
92559,Gift item 1169,2.36,Cards,1
66607,Gift item 1170,5.0,Accessories,1
66774,Gift item 1171,2.15,Seasonal,1
45234,Gift item 1172,0.25,Accessories,1
25975,Gift item 1173,4.97,Home,1
10769,Gift item 1174,5.97,Decor,1
40496,Gift item 1175,3.4,Decor,1
38481,Gift item 1176,0.25,Home,1
27244,Gift item 1177,5.05,Accessories,1
33324,Gift item 1178,0.25,Accessories,1
12234,Gift item 1179,4.18,Seasonal,1
64715,Gift item 1180,1.55,Home,1
93470,Gift item 1181,0.95,Decor,1
72171,Gift item 1182,2.53,Seasonal,1
50338,Gift item 1183,3.1,Accessories,1
47823,Gift item 1184,2.08,Seasonal,1
37677,Gift item 1185,4.8,Accessories,1
22816,Gift item 1186,2.52,Home,1
63862,Gift item 1187,5.66,Kids,1
60986,Gift item 1188,4.12,Accessories,0
10658,Gift item 1189,1.97,Kids,1
47396,Gift item 1190,1.59,Accessories,1
35021,Gift item 1191,0.25,Seasonal,1
25325,Gift item 1192,4.14,Kids,0
73272,Gift item 1193,2.72,Decor,1
57323,Gift item 1194,0.25,Kids,0
67038,Gift item 1195,2.32,Home,1
74212,Gift item 1196,1.52,Cards,1
98361,Gift item 1197,6.97,Decor,1
82247,Gift item 1198,0.25,Decor,0
65831,Gift item 1199,0.33,Decor,0
89111,Gift item 1200,5.94,Decor,1
52975,Gift item 1201,6.48,Decor,1
98628,Gift item 1202,1.86,Accessories,1
78528,Gift item 1203,2.11,Home,1
68578,Gift item 1204,4.86,Accessories,1
91298,Gift item 1205,0.25,Seasonal,1
56356,Gift item 1206,0.25,Decor,1
74861,Gift item 1207,2.88,Kids,1
35625,Gift item 1208,6.91,Cards,0
96688,Gift item 1209,2.54,Accessories,1
66102,Gift item 1210,3.72,Accessories,1
80379,Gift item 1211,5.99,Cards,0
51465,Gift item 1212,8.14,Kids,1
88011,Gift item 1213,2.23,Kids,1
16675,Gift item 1214,3.46,Kids,1
20269,Gift item 1215,7.51,Cards,1
55639,Gift item 1216,0.25,Decor,1
75916,Gift item 1217,5.76,Home,1
82828,Gift item 1218,1.26,Kids,1
49607,Gift item 1219,3.73,Kids,1
68469,Gift item 1220,2.97,Accessories,1
59778,Gift item 1221,1.39,Home,1
96536,Gift item 1222,1.34,Decor,1
68868,Gift item 1223,4.11,Decor,1
47515,Gift item 1224,5.69,Seasonal,1
97282,Gift item 1225,3.21,Home,1
19652,Gift item 1226,3.65,Accessories,1
98611,Gift item 1227,4.76,Seasonal,1
23861,Gift item 1228,1.36,Cards,0
35940,Gift item 1229,5.13,Decor,1
83931,Gift item 1230,5.3,Cards,0
76037,Gift item 1231,9.23,Accessories,1
97330,Gift item 1232,2.67,Cards,1
77497,Gift item 1233,2.49,Home,0
67330,Gift item 1234,5.19,Seasonal,1
41184,Gift item 1235,5.3,Home,1
10424,Gift item 1236,2.32,Decor,1
21148,Gift item 1237,2.61,Accessories,0
36799,Gift item 1238,4.69,Seasonal,0
13685,Gift item 1239,1.68,Seasonal,1
55735,Gift item 1240,2.6,Accessories,1
79960,Gift item 1241,3.7,Seasonal,0
96691,Gift item 1242,5.69,Accessories,1
54072,Gift item 1243,2.17,Accessories,1
88749,Gift item 1244,0.25,Seasonal,1
98697,Gift item 1245,0.25,Seasonal,1
87383,Gift item 1246,0.73,Kids,1
51847,Gift item 1247,0.61,Accessories,1
39273,Gift item 1248,3.16,Seasonal,1
98011,Gift item 1249,0.88,Kids,0
31771,Gift item 1250,1.95,Accessories,1
47041,Gift item 1251,1.8,Seasonal,1
16662,Gift item 1252,2.53,Accessories,0
81430,Gift item 1253,6.41,Home,1
68484,Gift item 1254,4.96,Home,1
17633,Gift item 1255,3.54,Seasonal,1
29973,Gift item 1256,2.49,Seasonal,1
59990,Gift item 1257,2.55,Home,1
58636,Gift item 1258,4.22,Cards,0
82184,Gift item 1259,4.79,Seasonal,0
33948,Gift item 1260,1.5,Decor,1
93222,Gift item 1261,3.58,Cards,1
50002,Gift item 1262,0.25,Decor,0
84031,Gift item 1263,3.97,Decor,1
31454,Gift item 1264,5.18,Home,1
13327,Gift item 1265,2.88,Kids,1
14954,Gift item 1266,7.5,Decor,0
43542,Gift item 1267,1.56,Accessories,1
95782,Gift item 1268,3.98,Home,0
14382,Gift item 1269,3.42,Accessories,1
43207,Gift item 1270,3.28,Decor,1
19835,Gift item 1271,3.25,Decor,1
93839,Gift item 1272,3.74,Kids,1
70776,Gift item 1273,5.37,Seasonal,1
78641,Gift item 1274,6.53,Seasonal,0
74192,Gift item 1275,3.5,Seasonal,1
69131,Gift item 1276,5.29,Kids,1
79634,Gift item 1277,1.96,Seasonal,0
10731,Gift item 1278,5.19,Kids,1
87890,Gift item 1279,1.82,Home,1
76587,Gift item 1280,5.9,Seasonal,1
76548,Gift item 1281,8.36,Seasonal,1
45408,Gift item 1282,3.23,Home,1
82077,Gift item 1283,0.25,Cards,1
44363,Gift item 1284,2.29,Decor,1
14406,Gift item 1285,6.21,Cards,0
91702,Gift item 1286,4.72,Accessories,1
31107,Gift item 1287,4.05,Home,1
19170,Gift item 1288,5.72,Cards,1
65970,Gift item 1289,4.57,Kids,1
31028,Gift item 1290,6.18,Decor,1
87230,Gift item 1291,5.52,Kids,1
49937,Gift item 1292,6.85,Kids,1
10405,Gift item 1293,4.29,Kids,0
95653,Gift item 1294,5.49,Seasonal,1
56316,Gift item 1295,2.82,Accessories,0
33667,Gift item 1296,2.18,Decor,1
70955,Gift item 1297,7.25,Home,1
57754,Gift item 1298,3.98,Home,1
12664,Gift item 1299,5.27,Cards,0
78367,Gift item 1300,3.77,Accessories,1
46121,Gift item 1301,2.21,Cards,1
72982,Gift item 1302,3.52,Accessories,0
90606,Gift item 1303,6.66,Accessories,1
64954,Gift item 1304,4.72,Cards,0
70444,Gift item 1305,0.25,Accessories,1
32918,Gift item 1306,3.03,Seasonal,1
31389,Gift item 1307,7.42,Accessories,1
47349,Gift item 1308,3.03,Seasonal,1
86749,Gift item 1309,0.25,Kids,1
57176,Gift item 1310,7.66,Decor,0
41322,Gift item 1311,5.0,Home,0
80164,Gift item 1312,3.35,Decor,1
86800,Gift item 1313,2.68,Accessories,0
91227,Gift item 1314,5.88,Seasonal,1
36904,Gift item 1315,2.31,Home,1
73866,Gift item 1316,6.03,Decor,1
63128,Gift item 1317,4.69,Decor,1
50407,Gift item 1318,4.04,Decor,1
45724,Gift item 1319,3.82,Kids,1
20309,Gift item 1320,3.12,Accessories,0
34733,Gift item 1321,5.8,Kids,1
59469,Gift item 1322,1.6,Kids,1
89789,Gift item 1323,0.25,Seasonal,0
87969,Gift item 1324,4.85,Seasonal,0
26883,Gift item 1325,4.89,Cards,1
71138,Gift item 1326,4.56,Accessories,1
17632,Gift item 1327,4.4,Seasonal,1
70750,Gift item 1328,2.79,Cards,1
40773,Gift item 1329,5.23,Home,1
50485,Gift item 1330,3.4,Accessories,1
74586,Gift item 1331,2.43,Home,0
48239,Gift item 1332,2.81,Kids,1
82668,Gift item 1333,7.95,Accessories,0
58021,Gift item 1334,0.25,Cards,1
99885,Gift item 1335,4.6,Cards,1
67441,Gift item 1336,0.25,Cards,0
36672,Gift item 1337,3.26,Seasonal,1
79775,Gift item 1338,2.55,Home,1
46714,Gift item 1339,0.25,Cards,1
58074,Gift item 1340,4.36,Cards,1
22313,Gift item 1341,2.66,Seasonal,1
20740,Gift item 1342,0.25,Home,1
61737,Gift item 1343,5.35,Accessories,1
26801,Gift item 1344,6.66,Home,1
99781,Gift item 1345,6.78,Home,0
87009,Gift item 1346,4.29,Cards,0
73078,Gift item 1347,3.6,Kids,0
76122,Gift item 1348,6.42,Home,1
63568,Gift item 1349,7.2,Accessories,0
15426,Gift item 1350,5.99,Kids,1
45312,Gift item 1351,1.43,Accessories,1
54621,Gift item 1352,3.94,Cards,0
92375,Gift item 1353,4.47,Seasonal,1
29753,Gift item 1354,0.25,Accessories,1
54721,Gift item 1355,4.53,Decor,0
40965,Gift item 1356,8.5,Kids,1
22092,Gift item 1357,4.91,Cards,1
19271,Gift item 1358,6.74,Kids,1
42883,Gift item 1359,3.9,Kids,1
17417,Gift item 1360,3.34,Cards,1
16044,Gift item 1361,4.34,Accessories,0
41577,Gift item 1362,1.71,Cards,1
28177,Gift item 1363,1.38,Decor,1
59932,Gift item 1364,6.29,Decor,1
11590,Gift item 1365,6.52,Seasonal,0
37162,Gift item 1366,1.32,Kids,1
50794,Gift item 1367,5.63,Cards,1
96682,Gift item 1368,3.31,Accessories,1
67107,Gift item 1369,4.25,Seasonal,0
89263,Gift item 1370,4.51,Seasonal,0
40895,Gift item 1371,5.69,Decor,1
50473,Gift item 1372,3.68,Seasonal,0
47833,Gift item 1373,6.6,Home,1
89864,Gift item 1374,4.18,Decor,1
96327,Gift item 1375,4.87,Seasonal,0
96609,Gift item 1376,1.67,Decor,1
77675,Gift item 1377,8.25,Accessories,1
55279,Gift item 1378,4.53,Cards,1
58676,Gift item 1379,5.07,Accessories,1
98244,Gift item 1380,0.25,Cards,1
35608,Gift item 1381,1.69,Cards,1
41203,Gift item 1382,6.22,Seasonal,0
90728,Gift item 1383,4.13,Cards,1
44768,Gift item 1384,0.25,Decor,1
31158,Gift item 1385,5.78,Home,0
60441,Gift item 1386,2.3,Home,1
39280,Gift item 1387,6.6,Seasonal,1
90177,Gift item 1388,3.31,Home,1
91814,Gift item 1389,3.95,Kids,1
37540,Gift item 1390,6.09,Cards,1
57658,Gift item 1391,1.53,Kids,1
98558,Gift item 1392,1.32,Home,0
76807,Gift item 1393,3.07,Kids,0
29406,Gift item 1394,5.32,Seasonal,1
63166,Gift item 1395,0.57,Cards,0
65789,Gift item 1396,0.25,Home,1
68808,Gift item 1397,5.31,Decor,0
12250,Gift item 1398,2.17,Kids,1
36944,Gift item 1399,2.64,Home,1
86914,Gift item 1400,0.25,Decor,1
31723,Gift item 1401,2.01,Kids,1
36972,Gift item 1402,3.48,Decor,1
39023,Gift item 1403,5.55,Accessories,1
25964,Gift item 1404,1.8,Decor,1
23989,Gift item 1405,7.15,Kids,1
41231,Gift item 1406,1.99,Home,1
88687,Gift item 1407,2.0,Home,1
10138,Gift item 1408,6.88,Kids,1
35491,Gift item 1409,3.97,Kids,1
15456,Gift item 1410,2.29,Decor,1
60533,Gift item 1411,3.16,Kids,1
32553,Gift item 1412,6.48,Cards,1
81276,Gift item 1413,6.73,Seasonal,1
62650,Gift item 1414,1.7,Kids,1
80543,Gift item 1415,3.41,Decor,1
67141,Gift item 1416,3.7,Home,1
49454,Gift item 1417,1.33,Seasonal,1
87486,Gift item 1418,3.38,Decor,1
52862,Gift item 1419,3.51,Accessories,1
95493,Gift item 1420,6.01,Decor,1
99522,Gift item 1421,6.16,Accessories,0
63011,Gift item 1422,2.78,Cards,1
70713,Gift item 1423,3.03,Cards,1
33009,Gift item 1424,4.96,Cards,1
83316,Gift item 1425,2.21,Home,0
70442,Gift item 1426,4.8,Accessories,0
91228,Gift item 1427,3.31,Home,1
34030,Gift item 1428,1.37,Seasonal,1
80882,Gift item 1429,1.39,Seasonal,1
52324,Gift item 1430,6.68,Accessories,0
26665,Gift item 1431,3.16,Kids,1
25407,Gift item 1432,7.11,Cards,0
60594,Gift item 1433,2.37,Seasonal,1
38750,Gift item 1434,4.14,Accessories,1
19170,Gift item 1435,8.76,Decor,1
48442,Gift item 1436,1.17,Cards,0
68762,Gift item 1437,0.25,Seasonal,1
38705,Gift item 1438,6.33,Decor,0
95980,Gift item 1439,1.68,Home,0
80158,Gift item 1440,3.45,Accessories,1
56145,Gift item 1441,2.21,Kids,0
94117,Gift item 1442,4.09,Cards,0
48967,Gift item 1443,1.41,Decor,1
22570,Gift item 1444,3.1,Cards,0
13225,Gift item 1445,4.49,Cards,1
94421,Gift item 1446,1.28,Kids,1
96378,Gift item 1447,1.96,Decor,1
76531,Gift item 1448,2.74,Home,1
19270,Gift item 1449,0.36,Accessories,1
36428,Gift item 1450,2.57,Home,1
13697,Gift item 1451,3.76,Decor,1
14612,Gift item 1452,2.62,Cards,1
32145,Gift item 1453,2.9,Decor,1
61492,Gift item 1454,3.46,Cards,1
15897,Gift item 1455,2.06,Seasonal,1
98613,Gift item 1456,5.02,Cards,0
50960,Gift item 1457,6.66,Accessories,1
33745,Gift item 1458,2.48,Decor,1
56447,Gift item 1459,4.57,Decor,0
81113,Gift item 1460,2.97,Accessories,0
38130,Gift item 1461,4.3,Seasonal,0
14276,Gift item 1462,6.94,Accessories,1
14586,Gift item 1463,4.62,Accessories,1
86677,Gift item 1464,0.25,Cards,1
20043,Gift item 1465,4.5,Kids,0
67200,Gift item 1466,6.21,Accessories,1
44605,Gift item 1467,3.01,Accessories,1
79975,Gift item 1468,5.69,Home,1
15447,Gift item 1469,1.98,Home,1
90800,Gift item 1470,0.25,Home,0
72836,Gift item 1471,3.81,Accessories,0
50434,Gift item 1472,0.25,Kids,0
28631,Gift item 1473,2.97,Cards,0
97941,Gift item 1474,6.33,Decor,1
37186,Gift item 1475,0.25,Home,0
54145,Gift item 1476,0.69,Home,0
45470,Gift item 1477,1.23,Kids,1
30749,Gift item 1478,3.36,Cards,1
47494,Gift item 1479,2.7,Home,0
23633,Gift item 1480,6.58,Seasonal,1
10149,Gift item 1481,5.6,Home,1
36099,Gift item 1482,4.59,Kids,1
20086,Gift item 1483,3.82,Cards,1
47329,Gift item 1484,4.37,Decor,1
87647,Gift item 1485,1.6,Kids,1
24631,Gift item 1486,5.39,Home,0
10110,Gift item 1487,1.05,Kids,1
19998,Gift item 1488,5.34,Accessories,1
55734,Gift item 1489,6.11,Seasonal,1
34735,Gift item 1490,3.96,Decor,1
54054,Gift item 1491,3.11,Cards,1
12632,Gift item 1492,4.38,Seasonal,1
39978,Gift item 1493,0.25,Seasonal,0
46911,Gift item 1494,4.16,Home,1
48819,Gift item 1495,3.25,Decor,1
59603,Gift item 1496,3.39,Kids,1
80251,Gift item 1497,5.05,Seasonal,1
52050,Gift item 1498,3.34,Seasonal,0
85707,Gift item 1499,0.99,Home,1
57675,Gift item 1500,3.19,Kids,1
33431,Gift item 1501,3.65,Decor,1
30611,Gift item 1502,3.75,Seasonal,1
39023,Gift item 1503,3.86,Home,1
63771,Gift item 1504,5.79,Kids,1
31823,Gift item 1505,1.11,Decor,1
92274,Gift item 1506,3.89,Kids,1
53187,Gift item 1507,6.34,Seasonal,1
87693,Gift item 1508,0.25,Home,1
71492,Gift item 1509,3.9,Decor,1
40001,Gift item 1510,2.21,Cards,0
30542,Gift item 1511,2.68,Decor,1
76954,Gift item 1512,1.51,Accessories,1
39765,Gift item 1513,3.13,Decor,0
32217,Gift item 1514,7.55,Kids,1
93733,Gift item 1515,0.72,Home,1
53436,Gift item 1516,0.93,Kids,1
14371,Gift item 1517,0.64,Decor,1
54528,Gift item 1518,7.3,Accessories,0
51468,Gift item 1519,2.48,Cards,1
87756,Gift item 1520,3.44,Cards,1
74039,Gift item 1521,2.61,Seasonal,1
27221,Gift item 1522,1.42,Home,1
23540,Gift item 1523,2.98,Seasonal,1
64322,Gift item 1524,8.91,Cards,1
14263,Gift item 1525,6.56,Decor,1
38711,Gift item 1526,1.62,Home,1
22438,Gift item 1527,4.92,Home,1
11850,Gift item 1528,1.67,Accessories,1
92693,Gift item 1529,0.25,Accessories,1
18083,Gift item 1530,5.74,Cards,1
10833,Gift item 1531,6.05,Decor,1
93959,Gift item 1532,5.8,Seasonal,1
26948,Gift item 1533,2.47,Home,1
83489,Gift item 1534,3.13,Accessories,1
12815,Gift item 1535,5.15,Accessories,1
23819,Gift item 1536,4.36,Cards,1
19956,Gift item 1537,2.63,Accessories,1
73562,Gift item 1538,0.25,Accessories,1
65812,Gift item 1539,3.75,Seasonal,1
52794,Gift item 1540,5.87,Home,1
31747,Gift item 1541,0.87,Cards,0
17997,Gift item 1542,4.91,Decor,1
61228,Gift item 1543,4.23,Home,1
30764,Gift item 1544,5.15,Decor,1
63116,Gift item 1545,5.42,Kids,1
71871,Gift item 1546,1.97,Kids,1
86448,Gift item 1547,0.25,Cards,1
54458,Gift item 1548,2.33,Cards,1
10426,Gift item 1549,5.46,Seasonal,1
35259,Gift item 1550,2.31,Seasonal,1
86802,Gift item 1551,1.97,Decor,1
57992,Gift item 1552,0.25,Cards,1
65720,Gift item 1553,7.36,Home,1
51203,Gift item 1554,5.32,Cards,1
24646,Gift item 1555,5.19,Kids,1
90702,Gift item 1556,5.63,Accessories,1
79563,Gift item 1557,4.77,Home,1
99565,Gift item 1558,2.96,Decor,1
86993,Gift item 1559,3.14,Decor,1
36201,Gift item 1560,2.56,Accessories,0
32883,Gift item 1561,9.3,Decor,1
32362,Gift item 1562,4.72,Cards,0
92690,Gift item 1563,2.48,Cards,1
60123,Gift item 1564,4.52,Decor,1
50900,Gift item 1565,1.28,Cards,1
97142,Gift item 1566,6.81,Decor,1
64307,Gift item 1567,2.05,Decor,1
91847,Gift item 1568,4.6,Accessories,1
98617,Gift item 1569,5.85,Decor,1
17150,Gift item 1570,4.35,Home,0
42537,Gift item 1571,3.71,Accessories,0
76071,Gift item 1572,3.52,Kids,0
83183,Gift item 1573,3.38,Cards,1
23363,Gift item 1574,2.23,Home,0
38655,Gift item 1575,2.51,Accessories,1
59335,Gift item 1576,6.76,Seasonal,1
81928,Gift item 1577,3.26,Cards,1
20166,Gift item 1578,1.77,Cards,1
64065,Gift item 1579,2.36,Seasonal,1
36679,Gift item 1580,5.92,Cards,0
29471,Gift item 1581,4.99,Kids,1
56385,Gift item 1582,4.73,Cards,1
47261,Gift item 1583,2.93,Decor,1
67213,Gift item 1584,4.76,Home,1
38586,Gift item 1585,2.08,Seasonal,1
84094,Gift item 1586,2.93,Kids,1
17029,Gift item 1587,5.63,Seasonal,1
87568,Gift item 1588,5.42,Home,1
12685,Gift item 1589,1.34,Cards,0
76229,Gift item 1590,1.62,Cards,1
41182,Gift item 1591,3.74,Kids,0
44499,Gift item 1592,7.3,Seasonal,0
11713,Gift item 1593,0.25,Seasonal,1
73188,Gift item 1594,4.11,Cards,1
24893,Gift item 1595,0.47,Seasonal,1
69323,Gift item 1596,2.1,Home,0
75265,Gift item 1597,2.7,Kids,1
86070,Gift item 1598,2.57,Kids,1
73727,Gift item 1599,2.33,Accessories,0
37134,Gift item 1600,3.52,Kids,0
76471,Gift item 1601,2.32,Cards,0
84334,Gift item 1602,0.28,Accessories,1
38543,Gift item 1603,5.22,Cards,1
21175,Gift item 1604,5.16,Kids,0
90100,Gift item 1605,5.35,Accessories,1
23314,Gift item 1606,0.25,Kids,1
63444,Gift item 1607,4.16,Decor,1
31265,Gift item 1608,4.99,Decor,1
21342,Gift item 1609,1.23,Seasonal,0
79876,Gift item 1610,3.52,Cards,0
22934,Gift item 1611,3.24,Cards,1
70319,Gift item 1612,7.55,Cards,1
72377,Gift item 1613,7.73,Seasonal,1
15420,Gift item 1614,0.25,Decor,1
25564,Gift item 1615,8.99,Home,1
81491,Gift item 1616,1.49,Home,0
55655,Gift item 1617,5.66,Cards,1
20921,Gift item 1618,5.64,Home,1
99258,Gift item 1619,1.31,Cards,1
33848,Gift item 1620,4.59,Kids,1
10360,Gift item 1621,3.26,Seasonal,1
93174,Gift item 1622,4.72,Home,1
11492,Gift item 1623,4.01,Decor,1
59801,Gift item 1624,6.13,Decor,1
99376,Gift item 1625,3.67,Kids,1
62002,Gift item 1626,3.13,Decor,0
62616,Gift item 1627,5.91,Seasonal,1
44935,Gift item 1628,4.78,Accessories,1
21421,Gift item 1629,5.11,Seasonal,1
61541,Gift item 1630,2.04,Accessories,1
90756,Gift item 1631,1.2,Home,0
18199,Gift item 1632,2.25,Kids,1
89233,Gift item 1633,2.13,Accessories,1
47353,Gift item 1634,5.23,Accessories,1
58257,Gift item 1635,5.65,Kids,1
24886,Gift item 1636,3.16,Accessories,1
65960,Gift item 1637,6.65,Accessories,1
26411,Gift item 1638,6.51,Seasonal,1
34586,Gift item 1639,4.04,Seasonal,1
74944,Gift item 1640,1.69,Accessories,1
14546,Gift item 1641,6.97,Cards,1
50245,Gift item 1642,3.37,Decor,1
63510,Gift item 1643,3.78,Accessories,1
21882,Gift item 1644,2.75,Cards,1
36527,Gift item 1645,1.54,Cards,1
40914,Gift item 1646,0.27,Accessories,1
69725,Gift item 1647,4.89,Home,1
97902,Gift item 1648,1.78,Accessories,1
85261,Gift item 1649,10.23,Accessories,1
27078,Gift item 1650,1.11,Seasonal,1
11634,Gift item 1651,0.73,Cards,1
14672,Gift item 1652,4.62,Cards,1
63613,Gift item 1653,6.86,Seasonal,1
24063,Gift item 1654,3.64,Kids,1
30815,Gift item 1655,4.76,Seasonal,1
86264,Gift item 1656,0.25,Seasonal,0
88649,Gift item 1657,2.01,Seasonal,1
85511,Gift item 1658,1.14,Kids,1
32829,Gift item 1659,0.25,Seasonal,1
65770,Gift item 1660,3.76,Home,1
64968,Gift item 1661,0.25,Kids,1
26672,Gift item 1662,0.59,Accessories,1
59818,Gift item 1663,2.32,Seasonal,1
57272,Gift item 1664,1.67,Accessories,1
45654,Gift item 1665,4.37,Seasonal,0
77648,Gift item 1666,4.17,Decor,1
70985,Gift item 1667,5.47,Accessories,1
57938,Gift item 1668,5.16,Cards,1
75318,Gift item 1669,6.01,Home,1
78679,Gift item 1670,3.5,Cards,1
61023,Gift item 1671,4.17,Kids,1
34090,Gift item 1672,4.63,Home,1
78257,Gift item 1673,3.81,Decor,1
74584,Gift item 1674,2.63,Seasonal,1
98506,Gift item 1675,2.77,Seasonal,0
23480,Gift item 1676,1.7,Cards,0
47734,Gift item 1677,4.43,Seasonal,1
93179,Gift item 1678,3.29,Accessories,1
56311,Gift item 1679,2.04,Seasonal,0
94835,Gift item 1680,2.04,Home,0
11122,Gift item 1681,0.84,Home,1
13165,Gift item 1682,5.65,Home,1
81641,Gift item 1683,3.67,Kids,1
42258,Gift item 1684,1.6,Kids,1
56820,Gift item 1685,5.28,Home,0
48520,Gift item 1686,2.27,Kids,1
46716,Gift item 1687,0.41,Seasonal,1
94551,Gift item 1688,5.75,Accessories,1
18466,Gift item 1689,2.32,Cards,1
79498,Gift item 1690,2.6,Decor,1
90068,Gift item 1691,3.59,Cards,1
69166,Gift item 1692,6.01,Seasonal,1
45550,Gift item 1693,3.54,Seasonal,0
24401,Gift item 1694,0.86,Decor,1
71431,Gift item 1695,4.7,Seasonal,1
52191,Gift item 1696,2.43,Cards,0
23443,Gift item 1697,7.65,Kids,1
42368,Gift item 1698,3.5,Seasonal,1
96538,Gift item 1699,0.25,Cards,0
33884,Gift item 1700,4.29,Accessories,1
26059,Gift item 1701,7.78,Decor,1
71377,Gift item 1702,6.97,Kids,1
27958,Gift item 1703,7.53,Home,1
92790,Gift item 1704,1.26,Decor,1
87307,Gift item 1705,5.51,Home,1
98516,Gift item 1706,1.91,Accessories,0
92131,Gift item 1707,3.99,Kids,1
31938,Gift item 1708,0.7,Decor,1
29093,Gift item 1709,2.08,Cards,0
40837,Gift item 1710,2.01,Kids,1
52281,Gift item 1711,5.48,Cards,1
89198,Gift item 1712,5.26,Home,1
76013,Gift item 1713,4.11,Home,1
67998,Gift item 1714,0.53,Cards,1
89052,Gift item 1715,2.81,Accessories,1
68129,Gift item 1716,1.86,Kids,1
44114,Gift item 1717,5.41,Home,1
47169,Gift item 1718,6.09,Seasonal,1
56531,Gift item 1719,5.82,Decor,0
17989,Gift item 1720,1.84,Decor,1
76753,Gift item 1721,0.25,Cards,1
68749,Gift item 1722,0.25,Kids,1
75801,Gift item 1723,6.63,Kids,1
58054,Gift item 1724,2.62,Home,1
80465,Gift item 1725,1.85,Home,1
95476,Gift item 1726,7.11,Kids,1
61293,Gift item 1727,6.28,Accessories,1
49994,Gift item 1728,3.55,Home,1
19415,Gift item 1729,2.85,Kids,1
80080,Gift item 1730,3.21,Accessories,1
91356,Gift item 1731,4.0,Decor,1
72953,Gift item 1732,7.02,Cards,0
87900,Gift item 1733,4.43,Kids,1
87507,Gift item 1734,5.1,Kids,1
81827,Gift item 1735,6.07,Cards,0
55258,Gift item 1736,0.93,Decor,1
18987,Gift item 1737,5.16,Seasonal,1
10292,Gift item 1738,2.85,Decor,1
28395,Gift item 1739,0.25,Home,1
48791,Gift item 1740,0.25,Kids,1
76923,Gift item 1741,1.26,Seasonal,1
51022,Gift item 1742,4.67,Cards,1
12082,Gift item 1743,3.75,Home,1
28930,Gift item 1744,3.91,Cards,0
98129,Gift item 1745,7.79,Seasonal,1
98921,Gift item 1746,0.71,Home,1
43942,Gift item 1747,3.44,Accessories,1
82447,Gift item 1748,4.17,Decor,1
74737,Gift item 1749,1.88,Home,1
93813,Gift item 1750,3.56,Home,1
89880,Gift item 1751,0.25,Home,0
66586,Gift item 1752,6.6,Kids,1
45516,Gift item 1753,2.0,Home,0
66398,Gift item 1754,7.97,Decor,1
38721,Gift item 1755,3.43,Home,0
41327,Gift item 1756,5.76,Decor,1
64786,Gift item 1757,3.38,Cards,1
61425,Gift item 1758,3.43,Decor,1
62288,Gift item 1759,2.22,Cards,0
44620,Gift item 1760,3.76,Cards,1
46822,Gift item 1761,4.2,Home,1
10917,Gift item 1762,1.77,Kids,0
64159,Gift item 1763,3.22,Decor,1
61820,Gift item 1764,2.16,Kids,1
94183,Gift item 1765,8.56,Decor,1
55384,Gift item 1766,3.3,Decor,1
52087,Gift item 1767,6.9,Cards,1
16091,Gift item 1768,3.07,Seasonal,1
27706,Gift item 1769,4.07,Kids,1
40423,Gift item 1770,0.59,Home,1
43948,Gift item 1771,2.52,Seasonal,1
42641,Gift item 1772,3.96,Seasonal,1
45469,Gift item 1773,6.99,Kids,1
79201,Gift item 1774,3.99,Kids,1
21799,Gift item 1775,6.54,Cards,1
39903,Gift item 1776,4.91,Decor,0
24658,Gift item 1777,7.08,Decor,0
37701,Gift item 1778,3.37,Home,1
71609,Gift item 1779,8.76,Kids,1
14208,Gift item 1780,2.43,Decor,1
40552,Gift item 1781,1.81,Seasonal,1
12131,Gift item 1782,0.84,Kids,1
95939,Gift item 1783,8.63,Decor,1
75452,Gift item 1784,5.3,Decor,1
31923,Gift item 1785,2.76,Cards,0
27837,Gift item 1786,6.25,Kids,0
18903,Gift item 1787,5.01,Kids,1
52558,Gift item 1788,7.83,Kids,1
77814,Gift item 1789,0.25,Decor,1
62578,Gift item 1790,2.92,Kids,1
89292,Gift item 1791,2.48,Kids,1
40943,Gift item 1792,0.25,Seasonal,1
35029,Gift item 1793,5.83,Kids,1
53024,Gift item 1794,2.91,Seasonal,1
28187,Gift item 1795,5.13,Accessories,1
97807,Gift item 1796,8.69,Cards,1
26718,Gift item 1797,2.72,Decor,1
53097,Gift item 1798,2.57,Kids,0
56980,Gift item 1799,3.76,Cards,1
15134,Gift item 1800,5.67,Cards,1
52157,Gift item 1801,2.25,Kids,1
50922,Gift item 1802,2.11,Decor,1
33349,Gift item 1803,5.83,Kids,1
21517,Gift item 1804,4.33,Cards,0
14065,Gift item 1805,0.25,Kids,1
10772,Gift item 1806,0.8,Seasonal,1
53333,Gift item 1807,6.8,Home,1
18085,Gift item 1808,4.38,Cards,1
96338,Gift item 1809,1.82,Seasonal,1
32026,Gift item 1810,3.13,Decor,0
68726,Gift item 1811,3.53,Home,1
70613,Gift item 1812,5.12,Accessories,1
54595,Gift item 1813,0.51,Kids,1
89524,Gift item 1814,1.65,Kids,1
19962,Gift item 1815,4.1,Seasonal,1
31062,Gift item 1816,3.28,Home,1
32719,Gift item 1817,4.76,Kids,1
22187,Gift item 1818,0.8,Kids,0
36529,Gift item 1819,4.29,Decor,1
38141,Gift item 1820,5.9,Kids,1
78831,Gift item 1821,4.57,Seasonal,1
37146,Gift item 1822,3.81,Seasonal,0
88903,Gift item 1823,3.29,Accessories,1
79539,Gift item 1824,1.66,Kids,1
91146,Gift item 1825,3.34,Cards,1
19470,Gift item 1826,6.27,Kids,0
98610,Gift item 1827,3.24,Accessories,1
65256,Gift item 1828,1.54,Home,1
98412,Gift item 1829,2.42,Seasonal,1
41935,Gift item 1830,3.94,Cards,1
95768,Gift item 1831,2.68,Kids,1
62973,Gift item 1832,4.57,Kids,1
16463,Gift item 1833,4.65,Accessories,1
46910,Gift item 1834,5.46,Home,1
22401,Gift item 1835,6.63,Accessories,1
94714,Gift item 1836,5.69,Kids,1
37401,Gift item 1837,1.44,Home,1
30012,Gift item 1838,1.51,Kids,1
59760,Gift item 1839,3.33,Kids,1
48264,Gift item 1840,2.51,Seasonal,1
18727,Gift item 1841,1.0,Accessories,1
83483,Gift item 1842,2.53,Decor,1
86120,Gift item 1843,2.46,Seasonal,1
76865,Gift item 1844,2.02,Cards,1
65507,Gift item 1845,2.81,Accessories,0
46229,Gift item 1846,6.09,Decor,1
58812,Gift item 1847,3.94,Home,0
56889,Gift item 1848,8.94,Decor,1
24877,Gift item 1849,3.88,Kids,1
17363,Gift item 1850,2.86,Decor,1
32792,Gift item 1851,3.51,Decor,1
50889,Gift item 1852,4.06,Seasonal,1
24427,Gift item 1853,4.46,Seasonal,1
19599,Gift item 1854,8.07,Home,0
86673,Gift item 1855,1.64,Accessories,1
43749,Gift item 1856,5.39,Decor,1
62579,Gift item 1857,3.96,Kids,1
57162,Gift item 1858,0.25,Home,0
76160,Gift item 1859,5.2,Seasonal,1
76582,Gift item 1860,6.29,Kids,1
36642,Gift item 1861,1.61,Cards,1
86310,Gift item 1862,3.48,Home,1
43412,Gift item 1863,0.25,Kids,0
85167,Gift item 1864,0.73,Accessories,1
46436,Gift item 1865,5.81,Seasonal,1
19989,Gift item 1866,2.47,Cards,1
78400,Gift item 1867,1.06,Cards,1
12714,Gift item 1868,4.0,Kids,1
79510,Gift item 1869,2.35,Decor,1
13884,Gift item 1870,2.46,Decor,1
28613,Gift item 1871,5.13,Decor,1
64302,Gift item 1872,0.94,Seasonal,1
94737,Gift item 1873,1.51,Home,1
46762,Gift item 1874,3.84,Kids,1
20858,Gift item 1875,5.63,Home,0
30961,Gift item 1876,6.22,Seasonal,0
90650,Gift item 1877,2.04,Accessories,1
75405,Gift item 1878,5.56,Accessories,1
19035,Gift item 1879,1.77,Seasonal,1
44640,Gift item 1880,7.52,Home,1
33808,Gift item 1881,1.01,Seasonal,1
26004,Gift item 1882,6.42,Kids,1
86182,Gift item 1883,2.06,Decor,0
65593,Gift item 1884,7.93,Kids,1
26154,Gift item 1885,4.8,Seasonal,0
68561,Gift item 1886,1.26,Accessories,0
47220,Gift item 1887,2.35,Home,1
15532,Gift item 1888,5.22,Seasonal,1
50486,Gift item 1889,5.82,Home,1
26670,Gift item 1890,3.34,Accessories,1
32073,Gift item 1891,3.6,Kids,1
89108,Gift item 1892,5.17,Accessories,0
73921,Gift item 1893,3.79,Accessories,0
22068,Gift item 1894,0.65,Kids,1
86619,Gift item 1895,1.71,Cards,0
61687,Gift item 1896,4.02,Cards,1
88710,Gift item 1897,6.17,Home,0
77236,Gift item 1898,7.06,Cards,1
40538,Gift item 1899,5.21,Seasonal,1
58137,Gift item 1900,4.13,Seasonal,1
57776,Gift item 1901,5.15,Accessories,1
74794,Gift item 1902,2.03,Home,1
32356,Gift item 1903,3.16,Kids,1
39977,Gift item 1904,1.69,Seasonal,1
32031,Gift item 1905,0.75,Kids,1
36652,Gift item 1906,4.23,Decor,1
24512,Gift item 1907,3.91,Cards,1
13289,Gift item 1908,5.01,Seasonal,1
94600,Gift item 1909,4.7,Accessories,1
16688,Gift item 1910,4.03,Kids,1
89918,Gift item 1911,4.72,Kids,1
10277,Gift item 1912,3.41,Accessories,0
79961,Gift item 1913,4.41,Cards,0
39556,Gift item 1914,1.9,Kids,1
56589,Gift item 1915,4.31,Home,1
35399,Gift item 1916,4.97,Cards,1
54154,Gift item 1917,2.03,Cards,0
50640,Gift item 1918,3.61,Seasonal,1
57676,Gift item 1919,2.13,Accessories,1
45395,Gift item 1920,2.34,Cards,0
58290,Gift item 1921,1.03,Accessories,1
84290,Gift item 1922,6.28,Kids,0
49110,Gift item 1923,5.84,Cards,1
42523,Gift item 1924,4.68,Decor,1
21857,Gift item 1925,7.84,Accessories,1
42374,Gift item 1926,3.08,Home,1
21309,Gift item 1927,10.17,Kids,1
26425,Gift item 1928,3.0,Decor,1
95701,Gift item 1929,4.06,Seasonal,1
18047,Gift item 1930,2.62,Accessories,0
53382,Gift item 1931,4.32,Accessories,1
85086,Gift item 1932,5.34,Home,1
95787,Gift item 1933,3.25,Accessories,0
23204,Gift item 1934,7.41,Decor,1
24721,Gift item 1935,4.03,Seasonal,1
43533,Gift item 1936,4.1,Accessories,1
59896,Gift item 1937,1.5,Decor,0
96381,Gift item 1938,4.42,Home,1
28694,Gift item 1939,3.21,Accessories,0
24795,Gift item 1940,2.16,Seasonal,1
32786,Gift item 1941,1.79,Kids,0
88687,Gift item 1942,9.38,Accessories,1
12704,Gift item 1943,2.92,Home,1
44211,Gift item 1944,0.29,Home,1
20705,Gift item 1945,1.96,Kids,0
24136,Gift item 1946,3.39,Cards,1
92515,Gift item 1947,4.7,Home,0
10149,Gift item 1948,4.72,Decor,1
38937,Gift item 1949,4.99,Home,0
92387,Gift item 1950,2.08,Kids,1
64731,Gift item 1951,4.25,Kids,1
16457,Gift item 1952,1.57,Kids,1
51850,Gift item 1953,2.14,Home,1
97384,Gift item 1954,1.48,Decor,1
46040,Gift item 1955,0.89,Seasonal,0
57576,Gift item 1956,5.84,Decor,1
57869,Gift item 1957,5.01,Accessories,1
69439,Gift item 1958,5.65,Accessories,1
26851,Gift item 1959,3.59,Seasonal,1
85570,Gift item 1960,5.21,Accessories,1
98973,Gift item 1961,0.25,Cards,1
22829,Gift item 1962,5.4,Cards,1
83646,Gift item 1963,3.89,Cards,1
83521,Gift item 1964,4.88,Seasonal,1
76744,Gift item 1965,4.34,Accessories,1
43378,Gift item 1966,1.33,Kids,0
52187,Gift item 1967,0.25,Cards,0
85528,Gift item 1968,1.93,Cards,1
23758,Gift item 1969,4.74,Cards,0
84586,Gift item 1970,5.02,Home,1
92859,Gift item 1971,0.49,Seasonal,0
71367,Gift item 1972,1.34,Decor,1
40724,Gift item 1973,1.91,Decor,1
60323,Gift item 1974,2.71,Kids,1
14509,Gift item 1975,0.5,Home,1
93861,Gift item 1976,0.37,Home,0
40815,Gift item 1977,1.69,Decor,1
15138,Gift item 1978,3.69,Kids,1
81500,Gift item 1979,0.9,Kids,1
69179,Gift item 1980,3.25,Decor,1
66043,Gift item 1981,5.83,Home,1
14868,Gift item 1982,0.64,Decor,1
77574,Gift item 1983,3.05,Seasonal,1
67357,Gift item 1984,5.75,Cards,0
81426,Gift item 1985,2.58,Cards,0
84458,Gift item 1986,2.24,Accessories,1
29075,Gift item 1987,6.06,Seasonal,1
28957,Gift item 1988,2.83,Seasonal,1
93139,Gift item 1989,5.93,Seasonal,1
57791,Gift item 1990,4.44,Cards,0
49418,Gift item 1991,2.75,Seasonal,1
35847,Gift item 1992,4.56,Kids,1
67510,Gift item 1993,4.2,Kids,1
77855,Gift item 1994,5.75,Decor,1
10207,Gift item 1995,2.29,Cards,1
59736,Gift item 1996,3.59,Accessories,1
99402,Gift item 1997,3.36,Decor,1
35257,Gift item 1998,5.05,Accessories,1
35280,Gift item 1999,1.24,Kids,1
89030,Gift item 2000,5.74,Home,1
15585,Gift item 2001,4.53,Seasonal,1
45776,Gift item 2002,0.6,Kids,1
51243,Gift item 2003,6.16,Home,0
81808,Gift item 2004,8.42,Seasonal,1
21612,Gift item 2005,5.7,Kids,1
49064,Gift item 2006,6.64,Kids,1
23709,Gift item 2007,3.69,Decor,1
80886,Gift item 2008,0.25,Cards,1
66904,Gift item 2009,0.25,Decor,1
54705,Gift item 2010,4.06,Home,0
45363,Gift item 2011,2.2,Kids,1
23785,Gift item 2012,1.49,Decor,1
92965,Gift item 2013,3.36,Accessories,1
68288,Gift item 2014,4.85,Kids,1
38723,Gift item 2015,0.3,Kids,0
47253,Gift item 2016,2.51,Kids,1
75355,Gift item 2017,6.82,Accessories,0
74760,Gift item 2018,1.13,Seasonal,1
51498,Gift item 2019,5.41,Accessories,1
37260,Gift item 2020,2.43,Seasonal,0
69394,Gift item 2021,4.7,Decor,1
69240,Gift item 2022,5.91,Cards,1
63971,Gift item 2023,5.13,Accessories,1
16556,Gift item 2024,5.5,Kids,0
52550,Gift item 2025,0.97,Cards,1
65252,Gift item 2026,5.95,Accessories,0
95504,Gift item 2027,1.62,Kids,1
57300,Gift item 2028,4.07,Home,0
40843,Gift item 2029,4.07,Home,0
60020,Gift item 2030,4.57,Seasonal,1
25951,Gift item 2031,4.24,Seasonal,1
18162,Gift item 2032,1.64,Decor,1
71027,Gift item 2033,0.53,Accessories,1
98755,Gift item 2034,5.42,Cards,1
86139,Gift item 2035,3.91,Accessories,1
62528,Gift item 2036,6.03,Cards,1
13622,Gift item 2037,3.4,Accessories,1
98916,Gift item 2038,0.41,Kids,1
50466,Gift item 2039,5.63,Decor,0
36069,Gift item 2040,2.69,Kids,1
90322,Gift item 2041,4.25,Seasonal,1
77175,Gift item 2042,2.08,Kids,1
77464,Gift item 2043,7.12,Accessories,1
34997,Gift item 2044,1.57,Kids,1
99261,Gift item 2045,2.76,Decor,1
50757,Gift item 2046,3.74,Cards,1
57826,Gift item 2047,1.1,Kids,0
77585,Gift item 2048,4.23,Seasonal,1
69398,Gift item 2049,7.05,Kids,1
25505,Gift item 2050,2.42,Cards,1
37222,Gift item 2051,4.37,Seasonal,1
42506,Gift item 2052,0.25,Cards,1
95277,Gift item 2053,3.41,Kids,1
74304,Gift item 2054,2.81,Cards,0
42969,Gift item 2055,1.7,Decor,1
76124,Gift item 2056,5.88,Decor,1
76465,Gift item 2057,2.78,Cards,0
45479,Gift item 2058,3.11,Seasonal,1
46282,Gift item 2059,2.67,Accessories,1
90485,Gift item 2060,0.25,Home,1
60563,Gift item 2061,1.01,Seasonal,1
23456,Gift item 2062,5.61,Home,1
74779,Gift item 2063,0.25,Decor,1
63060,Gift item 2064,1.81,Accessories,1
55803,Gift item 2065,2.62,Decor,1
75258,Gift item 2066,7.34,Seasonal,0
91636,Gift item 2067,5.19,Seasonal,1
39738,Gift item 2068,2.27,Decor,1
47736,Gift item 2069,6.37,Decor,0
27054,Gift item 2070,1.87,Cards,1
68235,Gift item 2071,5.72,Home,1
46243,Gift item 2072,0.51,Kids,1
40812,Gift item 2073,5.86,Home,1
72686,Gift item 2074,2.61,Decor,0
46733,Gift item 2075,1.24,Home,1
51792,Gift item 2076,3.02,Decor,1
49604,Gift item 2077,4.11,Home,1
33268,Gift item 2078,2.41,Home,1
21322,Gift item 2079,4.72,Cards,1
84450,Gift item 2080,2.22,Kids,1
18255,Gift item 2081,4.86,Kids,1
39238,Gift item 2082,4.47,Accessories,1
70073,Gift item 2083,3.37,Seasonal,1
21816,Gift item 2084,2.53,Decor,1
68995,Gift item 2085,3.83,Kids,1
75975,Gift item 2086,4.71,Seasonal,1
69661,Gift item 2087,8.04,Kids,0
37452,Gift item 2088,5.57,Home,1
11778,Gift item 2089,5.65,Seasonal,1
89860,Gift item 2090,10.29,Accessories,1
39388,Gift item 2091,4.64,Home,1
82449,Gift item 2092,4.57,Home,1
27802,Gift item 2093,5.05,Accessories,1
24616,Gift item 2094,1.28,Kids,1
80032,Gift item 2095,2.52,Home,1
94574,Gift item 2096,2.39,Decor,1
87455,Gift item 2097,4.92,Decor,1
77611,Gift item 2098,3.12,Home,1
32200,Gift item 2099,3.8,Seasonal,1
92188,Gift item 2100,5.89,Kids,1
70105,Gift item 2101,5.4,Decor,1
25494,Gift item 2102,3.14,Home,1
21642,Gift item 2103,2.03,Decor,0
88403,Gift item 2104,6.0,Seasonal,1
34763,Gift item 2105,5.2,Home,0
78929,Gift item 2106,0.25,Cards,1
22478,Gift item 2107,2.81,Home,1
35248,Gift item 2108,3.86,Home,0
35516,Gift item 2109,5.21,Cards,0
35299,Gift item 2110,5.5,Accessories,1
70725,Gift item 2111,4.12,Kids,0
92294,Gift item 2112,4.79,Decor,1
91928,Gift item 2113,3.64,Accessories,1
76738,Gift item 2114,2.02,Accessories,1
28226,Gift item 2115,2.93,Home,1
96451,Gift item 2116,3.54,Accessories,0
58786,Gift item 2117,3.42,Seasonal,1
59136,Gift item 2118,0.25,Decor,1
73124,Gift item 2119,2.63,Accessories,1
79217,Gift item 2120,3.62,Home,1
95762,Gift item 2121,2.88,Cards,1
62413,Gift item 2122,2.96,Seasonal,1
64904,Gift item 2123,4.57,Seasonal,1
77096,Gift item 2124,1.13,Cards,1
32959,Gift item 2125,0.25,Decor,0
37693,Gift item 2126,2.73,Cards,1
66292,Gift item 2127,5.18,Accessories,1
15771,Gift item 2128,7.21,Cards,1
38843,Gift item 2129,5.22,Home,1
74618,Gift item 2130,0.27,Accessories,1
97850,Gift item 2131,2.99,Seasonal,1
56754,Gift item 2132,4.06,Kids,1
45970,Gift item 2133,3.89,Seasonal,1
49633,Gift item 2134,4.69,Seasonal,1
71687,Gift item 2135,1.48,Kids,0
59002,Gift item 2136,3.64,Cards,1
12090,Gift item 2137,4.42,Accessories,1
58531,Gift item 2138,5.32,Kids,1
46005,Gift item 2139,1.73,Kids,1
73071,Gift item 2140,2.74,Accessories,1
88758,Gift item 2141,0.25,Seasonal,1
96619,Gift item 2142,2.13,Accessories,1
64919,Gift item 2143,2.35,Decor,1
42630,Gift item 2144,1.26,Seasonal,1
49954,Gift item 2145,3.86,Accessories,1
25881,Gift item 2146,3.38,Decor,0
94233,Gift item 2147,0.25,Accessories,1
86257,Gift item 2148,3.97,Seasonal,1
86857,Gift item 2149,1.46,Accessories,1
39530,Gift item 2150,4.57,Decor,1
38999,Gift item 2151,0.68,Seasonal,1
87094,Gift item 2152,3.57,Accessories,0
59008,Gift item 2153,2.88,Decor,1
73418,Gift item 2154,4.17,Seasonal,0
54083,Gift item 2155,3.77,Kids,1
49848,Gift item 2156,2.94,Cards,1
66897,Gift item 2157,0.25,Kids,1
83167,Gift item 2158,0.25,Accessories,1
40069,Gift item 2159,2.22,Home,1
82822,Gift item 2160,3.48,Cards,1
31978,Gift item 2161,2.16,Accessories,1
46254,Gift item 2162,4.88,Decor,1
92139,Gift item 2163,2.89,Accessories,1
95899,Gift item 2164,1.38,Kids,1
93147,Gift item 2165,2.89,Kids,1
38443,Gift item 2166,4.0,Decor,1
85898,Gift item 2167,4.21,Cards,1
94246,Gift item 2168,7.63,Home,0
98037,Gift item 2169,2.03,Cards,1
11881,Gift item 2170,3.34,Decor,1
77048,Gift item 2171,4.44,Home,0
99706,Gift item 2172,3.45,Home,1
78819,Gift item 2173,2.4,Decor,1
30985,Gift item 2174,0.25,Cards,0
78632,Gift item 2175,2.38,Kids,1
19471,Gift item 2176,1.14,Accessories,1
53254,Gift item 2177,0.25,Cards,1
66359,Gift item 2178,1.75,Seasonal,1
51080,Gift item 2179,1.2,Seasonal,1
72984,Gift item 2180,4.78,Cards,1
31620,Gift item 2181,4.82,Seasonal,1
64559,Gift item 2182,1.51,Kids,1
68033,Gift item 2183,2.93,Kids,1
67041,Gift item 2184,0.25,Accessories,1
36038,Gift item 2185,2.41,Seasonal,1
37484,Gift item 2186,4.38,Decor,1
33202,Gift item 2187,5.31,Decor,1
51559,Gift item 2188,1.93,Seasonal,1
62735,Gift item 2189,5.81,Kids,1
42627,Gift item 2190,0.25,Home,1
46898,Gift item 2191,0.76,Seasonal,1
35776,Gift item 2192,5.06,Cards,1
29696,Gift item 2193,7.18,Accessories,1
69168,Gift item 2194,4.59,Accessories,1
83444,Gift item 2195,3.41,Cards,0
36163,Gift item 2196,0.25,Decor,0
87450,Gift item 2197,0.25,Decor,1
61387,Gift item 2198,3.78,Decor,1
25092,Gift item 2199,2.71,Kids,0
42939,Gift item 2200,1.07,Accessories,1
10675,Gift item 2201,3.64,Seasonal,1
13525,Gift item 2202,3.75,Cards,1
40251,Gift item 2203,5.58,Seasonal,1
50901,Gift item 2204,3.8,Cards,0
81775,Gift item 2205,6.2,Cards,1
22087,Gift item 2206,3.52,Home,0
85524,Gift item 2207,3.25,Decor,1
31106,Gift item 2208,5.84,Cards,1
22449,Gift item 2209,1.35,Accessories,1
72989,Gift item 2210,9.69,Kids,1
79689,Gift item 2211,4.33,Cards,1
64441,Gift item 2212,4.34,Accessories,1
20413,Gift item 2213,4.66,Home,1
20380,Gift item 2214,7.63,Seasonal,1
45105,Gift item 2215,5.24,Decor,1
50553,Gift item 2216,0.25,Kids,1
99873,Gift item 2217,6.59,Seasonal,0
35782,Gift item 2218,2.75,Decor,1
27332,Gift item 2219,3.74,Home,1
95130,Gift item 2220,0.69,Seasonal,1
23856,Gift item 2221,4.66,Kids,1
12376,Gift item 2222,2.07,Home,0
48051,Gift item 2223,3.72,Kids,1
46096,Gift item 2224,2.87,Cards,1
65769,Gift item 2225,7.74,Cards,1
88995,Gift item 2226,7.86,Cards,1
93960,Gift item 2227,3.6,Seasonal,0
36067,Gift item 2228,3.64,Home,0
98272,Gift item 2229,2.68,Decor,1
66938,Gift item 2230,5.93,Kids,1
16267,Gift item 2231,2.78,Decor,1
94459,Gift item 2232,2.57,Home,1
22419,Gift item 2233,5.65,Decor,1
62973,Gift item 2234,2.32,Accessories,0
81165,Gift item 2235,3.42,Cards,1
32449,Gift item 2236,0.25,Home,1
34356,Gift item 2237,5.05,Kids,1
52855,Gift item 2238,7.77,Cards,1
89635,Gift item 2239,5.09,Kids,0
30124,Gift item 2240,6.72,Accessories,1
69710,Gift item 2241,1.64,Home,1
50732,Gift item 2242,4.02,Decor,1
20065,Gift item 2243,1.43,Seasonal,1
73978,Gift item 2244,3.0,Accessories,1
84926,Gift item 2245,5.2,Cards,1
61806,Gift item 2246,3.72,Accessories,1
25871,Gift item 2247,0.39,Kids,1
24015,Gift item 2248,0.61,Seasonal,1
48114,Gift item 2249,0.46,Kids,0
55577,Gift item 2250,4.58,Cards,1
59696,Gift item 2251,8.04,Seasonal,1
31928,Gift item 2252,6.5,Accessories,1
55068,Gift item 2253,0.25,Kids,1
36556,Gift item 2254,6.63,Seasonal,0
71753,Gift item 2255,5.56,Decor,1
81681,Gift item 2256,0.25,Kids,0
68741,Gift item 2257,2.83,Seasonal,1
10112,Gift item 2258,5.91,Accessories,1
99282,Gift item 2259,4.71,Decor,1
12139,Gift item 2260,0.62,Cards,0
99946,Gift item 2261,4.84,Accessories,1
12859,Gift item 2262,0.25,Accessories,1
56480,Gift item 2263,3.01,Decor,0
19537,Gift item 2264,6.0,Seasonal,1
18567,Gift item 2265,3.54,Seasonal,1
71504,Gift item 2266,2.4,Kids,1
75505,Gift item 2267,5.46,Accessories,1
20641,Gift item 2268,5.64,Accessories,1
97898,Gift item 2269,6.38,Home,1
38841,Gift item 2270,5.42,Decor,1
38649,Gift item 2271,5.88,Kids,1
36727,Gift item 2272,5.11,Cards,1
51508,Gift item 2273,4.08,Decor,1
26004,Gift item 2274,3.7,Cards,1
48229,Gift item 2275,2.98,Accessories,1
28898,Gift item 2276,0.83,Accessories,1
14627,Gift item 2277,1.4,Seasonal,1
43185,Gift item 2278,2.88,Kids,1
70503,Gift item 2279,4.03,Cards,0
78677,Gift item 2280,6.67,Kids,1
41800,Gift item 2281,3.41,Home,1
39136,Gift item 2282,5.71,Seasonal,0
80870,Gift item 2283,5.87,Accessories,1
71306,Gift item 2284,2.99,Accessories,1
84889,Gift item 2285,4.81,Cards,1
91548,Gift item 2286,2.96,Cards,1
83909,Gift item 2287,6.41,Accessories,1
94282,Gift item 2288,4.9,Accessories,1
47499,Gift item 2289,0.88,Decor,1
45520,Gift item 2290,3.86,Home,1
38938,Gift item 2291,7.13,Accessories,1
31169,Gift item 2292,3.1,Kids,1
77393,Gift item 2293,4.48,Decor,1
74299,Gift item 2294,4.7,Decor,0
82124,Gift item 2295,1.22,Accessories,1
25065,Gift item 2296,4.62,Accessories,0
54212,Gift item 2297,0.43,Decor,0
29976,Gift item 2298,2.12,Accessories,1
90371,Gift item 2299,5.87,Seasonal,1
34066,Gift item 2300,4.28,Seasonal,1
22951,Gift item 2301,2.83,Decor,1
61287,Gift item 2302,4.48,Accessories,1
89115,Gift item 2303,3.37,Seasonal,1
92414,Gift item 2304,3.53,Cards,1
18648,Gift item 2305,4.95,Cards,1
39330,Gift item 2306,1.9,Accessories,1
23817,Gift item 2307,3.59,Seasonal,1
37707,Gift item 2308,2.81,Cards,0
58045,Gift item 2309,0.25,Seasonal,1
35251,Gift item 2310,1.47,Kids,1
16076,Gift item 2311,6.95,Cards,1
55902,Gift item 2312,4.35,Accessories,1
14752,Gift item 2313,0.59,Seasonal,1
30402,Gift item 2314,0.25,Home,0
10046,Gift item 2315,3.25,Kids,1
17813,Gift item 2316,6.93,Decor,1
49268,Gift item 2317,3.09,Decor,0
86563,Gift item 2318,6.38,Seasonal,1
79715,Gift item 2319,4.27,Home,1
18894,Gift item 2320,4.54,Decor,1
13135,Gift item 2321,0.56,Home,1
40427,Gift item 2322,5.56,Home,1
68702,Gift item 2323,2.76,Kids,1
77205,Gift item 2324,5.4,Accessories,1
84080,Gift item 2325,1.71,Seasonal,1
40798,Gift item 2326,3.89,Seasonal,0
25119,Gift item 2327,4.27,Seasonal,1
12371,Gift item 2328,3.16,Kids,1
23217,Gift item 2329,4.39,Home,1
15864,Gift item 2330,2.91,Home,1
87471,Gift item 2331,2.07,Kids,1
34156,Gift item 2332,7.03,Home,1
84080,Gift item 2333,5.81,Seasonal,1
59783,Gift item 2334,1.83,Accessories,1
58504,Gift item 2335,4.75,Home,1
50930,Gift item 2336,1.87,Accessories,1
83727,Gift item 2337,0.89,Accessories,1
13910,Gift item 2338,5.77,Accessories,1
18347,Gift item 2339,0.25,Accessories,1
48104,Gift item 2340,5.54,Decor,0
45502,Gift item 2341,2.94,Home,1
59103,Gift item 2342,3.03,Seasonal,1
76401,Gift item 2343,4.4,Seasonal,1
62878,Gift item 2344,4.78,Decor,1
33170,Gift item 2345,1.68,Cards,1
39455,Gift item 2346,5.08,Cards,1
77708,Gift item 2347,3.75,Accessories,1
28131,Gift item 2348,0.74,Kids,1
55375,Gift item 2349,3.13,Kids,1
58490,Gift item 2350,6.54,Home,0
77523,Gift item 2351,7.19,Kids,1
74291,Gift item 2352,5.08,Accessories,1
51820,Gift item 2353,0.88,Seasonal,1
37824,Gift item 2354,4.58,Decor,1
43111,Gift item 2355,5.37,Decor,1
47042,Gift item 2356,5.1,Seasonal,1
29726,Gift item 2357,5.23,Cards,1
66286,Gift item 2358,4.3,Home,1
28753,Gift item 2359,3.34,Cards,0
68380,Gift item 2360,2.16,Decor,0
77633,Gift item 2361,0.25,Seasonal,1
96564,Gift item 2362,4.25,Accessories,0
20701,Gift item 2363,3.91,Seasonal,0
78375,Gift item 2364,4.73,Decor,0
17738,Gift item 2365,0.56,Home,1
40351,Gift item 2366,4.92,Seasonal,1
25866,Gift item 2367,8.02,Seasonal,1
24605,Gift item 2368,3.67,Seasonal,1
25781,Gift item 2369,3.36,Seasonal,1
13954,Gift item 2370,4.18,Accessories,1
84078,Gift item 2371,7.97,Accessories,1
15501,Gift item 2372,1.25,Accessories,0
45865,Gift item 2373,3.95,Seasonal,1
72923,Gift item 2374,1.74,Seasonal,1
99133,Gift item 2375,2.3,Cards,0
86832,Gift item 2376,3.39,Seasonal,1
22348,Gift item 2377,6.46,Home,1
98895,Gift item 2378,7.46,Kids,0
68817,Gift item 2379,4.49,Home,1
26160,Gift item 2380,2.67,Kids,1
50385,Gift item 2381,8.98,Cards,1
92608,Gift item 2382,2.56,Seasonal,1
45362,Gift item 2383,2.24,Decor,1
26527,Gift item 2384,0.25,Kids,1
88756,Gift item 2385,6.57,Kids,1
95766,Gift item 2386,5.63,Accessories,1
97802,Gift item 2387,8.82,Accessories,1
96012,Gift item 2388,0.44,Seasonal,1
88556,Gift item 2389,6.71,Seasonal,1
50903,Gift item 2390,3.65,Cards,1
27306,Gift item 2391,5.27,Seasonal,0
65543,Gift item 2392,0.25,Cards,1
29871,Gift item 2393,6.73,Kids,0
52583,Gift item 2394,5.23,Cards,1
69045,Gift item 2395,3.41,Kids,1
95191,Gift item 2396,4.92,Accessories,1
36017,Gift item 2397,1.82,Accessories,1
32671,Gift item 2398,2.23,Kids,1
76124,Gift item 2399,2.48,Seasonal,0
10581,Gift item 2400,0.25,Accessories,1
60977,Gift item 2401,5.4,Accessories,1
77131,Gift item 2402,6.12,Seasonal,1
59581,Gift item 2403,1.96,Decor,1
44555,Gift item 2404,4.27,Accessories,1
84568,Gift item 2405,2.92,Home,1
43392,Gift item 2406,4.22,Cards,1
73947,Gift item 2407,2.12,Home,0
51772,Gift item 2408,1.56,Accessories,1
12391,Gift item 2409,5.81,Kids,0
57745,Gift item 2410,3.36,Accessories,0
14451,Gift item 2411,7.95,Decor,1
93785,Gift item 2412,3.6,Decor,0
64139,Gift item 2413,1.46,Accessories,1
43482,Gift item 2414,6.2,Cards,0
53756,Gift item 2415,4.89,Decor,1
65725,Gift item 2416,5.1,Decor,1
33416,Gift item 2417,6.12,Kids,1
35955,Gift item 2418,2.06,Seasonal,1
47678,Gift item 2419,3.22,Seasonal,0
33271,Gift item 2420,3.12,Accessories,1
78211,Gift item 2421,0.66,Accessories,1
19343,Gift item 2422,2.92,Home,1
84394,Gift item 2423,6.44,Seasonal,1
41367,Gift item 2424,4.02,Cards,1
60509,Gift item 2425,0.54,Decor,1
24197,Gift item 2426,0.25,Decor,1
44682,Gift item 2427,7.16,Seasonal,1
77912,Gift item 2428,3.3,Home,1
34362,Gift item 2429,2.08,Seasonal,0
21904,Gift item 2430,2.9,Cards,1
56972,Gift item 2431,0.25,Accessories,1
24624,Gift item 2432,6.63,Decor,1
38327,Gift item 2433,2.64,Kids,0
50541,Gift item 2434,6.51,Kids,1
60767,Gift item 2435,3.61,Accessories,1
67543,Gift item 2436,6.64,Cards,1
70898,Gift item 2437,4.06,Kids,1
85984,Gift item 2438,5.38,Accessories,0
15947,Gift item 2439,5.08,Cards,1
42608,Gift item 2440,4.87,Kids,1
10096,Gift item 2441,4.27,Cards,1
10849,Gift item 2442,2.99,Accessories,1
29104,Gift item 2443,7.71,Cards,1
63832,Gift item 2444,1.5,Kids,0
90505,Gift item 2445,3.51,Accessories,1
79617,Gift item 2446,3.53,Seasonal,1
68165,Gift item 2447,4.39,Accessories,1
80033,Gift item 2448,2.56,Seasonal,1
25476,Gift item 2449,4.19,Accessories,1
85584,Gift item 2450,3.13,Decor,1
90122,Gift item 2451,0.25,Kids,1
18554,Gift item 2452,3.52,Kids,1
52295,Gift item 2453,1.08,Seasonal,1
84702,Gift item 2454,0.25,Decor,1
52847,Gift item 2455,3.8,Accessories,1
85641,Gift item 2456,4.57,Accessories,1
94197,Gift item 2457,4.66,Home,1
52719,Gift item 2458,4.75,Home,1
15353,Gift item 2459,0.25,Home,1
40604,Gift item 2460,0.51,Cards,1
29365,Gift item 2461,7.84,Cards,1
52669,Gift item 2462,1.2,Home,1
62718,Gift item 2463,4.84,Home,1
51750,Gift item 2464,1.99,Decor,1
27593,Gift item 2465,3.68,Accessories,1
37104,Gift item 2466,2.11,Seasonal,0
71156,Gift item 2467,4.74,Accessories,0
12428,Gift item 2468,3.8,Seasonal,1
29268,Gift item 2469,2.51,Seasonal,1
90309,Gift item 2470,1.19,Kids,1
18924,Gift item 2471,4.09,Cards,1
47326,Gift item 2472,0.83,Decor,1
28628,Gift item 2473,4.44,Seasonal,0
19418,Gift item 2474,9.28,Accessories,1
48045,Gift item 2475,6.47,Cards,1
56929,Gift item 2476,5.08,Cards,1
25852,Gift item 2477,3.31,Decor,0
17001,Gift item 2478,0.25,Home,1
22122,Gift item 2479,0.59,Seasonal,1
68638,Gift item 2480,6.32,Seasonal,0
87424,Gift item 2481,1.76,Home,0
26226,Gift item 2482,1.96,Seasonal,0
38835,Gift item 2483,3.14,Seasonal,0
40943,Gift item 2484,1.16,Accessories,0
42467,Gift item 2485,0.8,Kids,0
31986,Gift item 2486,3.39,Kids,1
14974,Gift item 2487,1.54,Seasonal,1
57263,Gift item 2488,1.87,Home,1
42162,Gift item 2489,1.78,Cards,1
40802,Gift item 2490,4.65,Accessories,1
33832,Gift item 2491,2.99,Seasonal,0
93639,Gift item 2492,3.11,Decor,0
64943,Gift item 2493,4.81,Decor,1
47681,Gift item 2494,3.19,Cards,1
28484,Gift item 2495,2.89,Home,1
82100,Gift item 2496,4.53,Accessories,1
89952,Gift item 2497,4.97,Cards,0
12908,Gift item 2498,3.18,Decor,0
93669,Gift item 2499,3.68,Seasonal,1
